ID,Type,SKU,Name,Published,"Is featured?","Visibility in catalog","Short description",Description,"Date sale price starts","Date sale price ends","Tax status","Tax class","In stock?",Stock,"Low stock amount","Backorders allowed?","Sold individually?","Weight (kg)","Length (cm)","Width (cm)","Height (cm)","Allow customer reviews?","Purchase note","Sale price","Regular price",Categories,Tags,"Shipping class",Images,"Download limit","Download expiry days",Parent,"Grouped products",Upsells,Cross-sells,"External URL","Button text",Position,"Meta: _wp_page_template","Meta: rs_page_bg_color","Attribute 1 name","Attribute 1 value(s)","Attribute 1 visible","Attribute 1 global","Attribute 2 name","Attribute 2 value(s)","Attribute 2 visible","Attribute 2 global","Attribute 3 name","Attribute 3 value(s)","Attribute 3 visible","Attribute 3 global","Meta: lakit_swatch_type"
190,simple,"REF. LA-190","Eaves Sideboard",1,0,visible,"Fermentum odio eu feugiat pretium. Interdum varius sit amet mattis vulputate enim nulla. Rutrum tellus pellentesque eu tincidunt tortor aliquam nulla enim diam.","\n<div class=""product_desc-row"">\n<div class=""product_desc-img""><img class=""aligncenter size-full"" src=""https://ciri.la-studioweb.com/wp-content/uploads/2022/09/single-prod-d-1.jpg"" alt="""" width=""735"" height=""470"" /></div>\n<div class=""product_desc-desc"">\n<h4>We Furnish The Dreams</h4>\nNulla porttitor massa id neque aliquam vestibulum morbi. Tempus iaculis urna id volutpat. Eleifend quam adipiscing vitae proin sagittis nisl rhoncus\n<ul>\n 	<li>Orci nulla pellentesque dignissim enim sit amet.</li>\n 	<li>Tellus molestie nunc non blandit massa enim nec dui.</li>\n 	<li>Pellentesque adipiscing commodo elit</li>\n</ul>\n</div>\n</div>\n      ",,,taxable,,1,,,0,0,,,,,1,,,699.99,"Accent Chairs, Uncategorized > Ciri 01 – 1",,,"https://ciri.la-studioweb.com/wp-content/uploads/2022/08/m1-product-1.jpg, https://ciri.la-studioweb.com/wp-content/uploads/2022/08/m1-product-1a.jpg",,,,,,,,,0,default,,,,,,,,,,,,,,
193,simple,"REF. LA-193","Wood Floor Mirror",1,0,visible,"Fermentum odio eu feugiat pretium. Interdum varius sit amet mattis vulputate enim nulla. Rutrum tellus pellentesque eu tincidunt tortor aliquam nulla enim diam.","\n<div class=""product_desc-row"">\n<div class=""product_desc-img""><img class=""aligncenter size-full"" src=""https://ciri.la-studioweb.com/wp-content/uploads/2022/09/single-prod-d-1.jpg"" alt="""" width=""735"" height=""470"" /></div>\n<div class=""product_desc-desc"">\n<h4>We Furnish The Dreams</h4>\nNulla porttitor massa id neque aliquam vestibulum morbi. Tempus iaculis urna id volutpat. Eleifend quam adipiscing vitae proin sagittis nisl rhoncus\n<ul>\n 	<li>Orci nulla pellentesque dignissim enim sit amet.</li>\n 	<li>Tellus molestie nunc non blandit massa enim nec dui.</li>\n 	<li>Pellentesque adipiscing commodo elit</li>\n</ul>\n</div>\n</div>\n      ",,,taxable,,1,,,0,0,,,,,1,,,199.99,"Accent Chairs, Uncategorized > Ciri 01 – 1",,,"https://ciri.la-studioweb.com/wp-content/uploads/2022/08/Wood-Floor-Mirror.jpg, https://ciri.la-studioweb.com/wp-content/uploads/2022/08/Wood-Floor-Mirror1.jpg",,,,,,,,,0,default,,,,,,,,,,,,,,
194,simple,"REF. LA-194","Walnut Nightstand",1,0,visible,"Fermentum odio eu feugiat pretium. Interdum varius sit amet mattis vulputate enim nulla. Rutrum tellus pellentesque eu tincidunt tortor aliquam nulla enim diam.","\n<div class=""product_desc-row"">\n<div class=""product_desc-img""><img class=""aligncenter size-full"" src=""https://ciri.la-studioweb.com/wp-content/uploads/2022/09/single-prod-d-1.jpg"" alt="""" width=""735"" height=""470"" /></div>\n<div class=""product_desc-desc"">\n<h4>We Furnish The Dreams</h4>\nNulla porttitor massa id neque aliquam vestibulum morbi. Tempus iaculis urna id volutpat. Eleifend quam adipiscing vitae proin sagittis nisl rhoncus\n<ul>\n 	<li>Orci nulla pellentesque dignissim enim sit amet.</li>\n 	<li>Tellus molestie nunc non blandit massa enim nec dui.</li>\n 	<li>Pellentesque adipiscing commodo elit</li>\n</ul>\n</div>\n</div>\n      ",,,taxable,,1,,,0,0,,,,,1,,109.99,129.99,"Accent Chairs, Uncategorized > Ciri 01 – 1",,,"https://ciri.la-studioweb.com/wp-content/uploads/2022/08/Walnut-Nightstand.jpg, https://ciri.la-studioweb.com/wp-content/uploads/2022/08/Walnut-Nightstand1.jpg",,,,,,,,,0,default,,,,,,,,,,,,,,
195,simple,"REF. LA-195","Upholstered Cane Dining Chair",1,0,visible,"Fermentum odio eu feugiat pretium. Interdum varius sit amet mattis vulputate enim nulla. Rutrum tellus pellentesque eu tincidunt tortor aliquam nulla enim diam.","\n<div class=""product_desc-row"">\n<div class=""product_desc-img""><img class=""aligncenter size-full"" src=""https://ciri.la-studioweb.com/wp-content/uploads/2022/09/single-prod-d-1.jpg"" alt="""" width=""735"" height=""470"" /></div>\n<div class=""product_desc-desc"">\n<h4>We Furnish The Dreams</h4>\nNulla porttitor massa id neque aliquam vestibulum morbi. Tempus iaculis urna id volutpat. Eleifend quam adipiscing vitae proin sagittis nisl rhoncus\n<ul>\n 	<li>Orci nulla pellentesque dignissim enim sit amet.</li>\n 	<li>Tellus molestie nunc non blandit massa enim nec dui.</li>\n 	<li>Pellentesque adipiscing commodo elit</li>\n</ul>\n</div>\n</div>\n      ",,,taxable,,1,,,0,0,,,,,1,,,359.99,"Accent Chairs, Uncategorized > Ciri 01 – 1",,,"https://ciri.la-studioweb.com/wp-content/uploads/2022/08/Upholstered-Cane-Dining-Chair.jpg, https://ciri.la-studioweb.com/wp-content/uploads/2022/08/Upholstered-Cane-Dining-Chair1.jpg",,,,,,,,,0,default,,,,,,,,,,,,,,
196,simple,"REF. LA-196","Curved Wood Table Lamp",1,0,visible,"Fermentum odio eu feugiat pretium. Interdum varius sit amet mattis vulputate enim nulla. Rutrum tellus pellentesque eu tincidunt tortor aliquam nulla enim diam.","\n<div class=""product_desc-row"">\n<div class=""product_desc-img""><img class=""aligncenter size-full"" src=""https://ciri.la-studioweb.com/wp-content/uploads/2022/09/single-prod-d-1.jpg"" alt="""" width=""735"" height=""470"" /></div>\n<div class=""product_desc-desc"">\n<h4>We Furnish The Dreams</h4>\nNulla porttitor massa id neque aliquam vestibulum morbi. Tempus iaculis urna id volutpat. Eleifend quam adipiscing vitae proin sagittis nisl rhoncus\n<ul>\n 	<li>Orci nulla pellentesque dignissim enim sit amet.</li>\n 	<li>Tellus molestie nunc non blandit massa enim nec dui.</li>\n 	<li>Pellentesque adipiscing commodo elit</li>\n</ul>\n</div>\n</div>\n      ",,,taxable,,1,,,0,0,,,,,1,,,359.99,"Accent Chairs, Uncategorized > Ciri 01 – 1",,,"https://ciri.la-studioweb.com/wp-content/uploads/2022/08/Curved-Wood-Table-Lamp.jpg, https://ciri.la-studioweb.com/wp-content/uploads/2022/08/Curved-Wood-Table-Lamp1.jpg",,,,,,,,,0,default,,,,,,,,,,,,,,
197,simple,"REF. LA-197","Roll Arm Queen Sleeper Sofa",1,0,visible,"Fermentum odio eu feugiat pretium. Interdum varius sit amet mattis vulputate enim nulla. Rutrum tellus pellentesque eu tincidunt tortor aliquam nulla enim diam.","\n<div class=""product_desc-row"">\n<div class=""product_desc-img""><img class=""aligncenter size-full"" src=""https://ciri.la-studioweb.com/wp-content/uploads/2022/09/single-prod-d-1.jpg"" alt="""" width=""735"" height=""470"" /></div>\n<div class=""product_desc-desc"">\n<h4>We Furnish The Dreams</h4>\nNulla porttitor massa id neque aliquam vestibulum morbi. Tempus iaculis urna id volutpat. Eleifend quam adipiscing vitae proin sagittis nisl rhoncus\n<ul>\n 	<li>Orci nulla pellentesque dignissim enim sit amet.</li>\n 	<li>Tellus molestie nunc non blandit massa enim nec dui.</li>\n 	<li>Pellentesque adipiscing commodo elit</li>\n</ul>\n</div>\n</div>\n      ",,,taxable,,1,,,0,0,,,,,1,,,359.99,"Accent Chairs, Uncategorized > Ciri 01 – 1",,,"https://ciri.la-studioweb.com/wp-content/uploads/2022/08/Roll-Arm-Queen-Sleeper-Sofa.jpg, https://ciri.la-studioweb.com/wp-content/uploads/2022/08/Roll-Arm-Queen-Sleeper-Sofa1.jpg",,,,,,,,,0,default,,,,,,,,,,,,,,
198,simple,"REF. LA-198","Black 2-Drawer Nightstand",1,0,visible,"Fermentum odio eu feugiat pretium. Interdum varius sit amet mattis vulputate enim nulla. Rutrum tellus pellentesque eu tincidunt tortor aliquam nulla enim diam.","\n<div class=""product_desc-row"">\n<div class=""product_desc-img""><img class=""aligncenter size-full"" src=""https://ciri.la-studioweb.com/wp-content/uploads/2022/09/single-prod-d-1.jpg"" alt="""" width=""735"" height=""470"" /></div>\n<div class=""product_desc-desc"">\n<h4>We Furnish The Dreams</h4>\nNulla porttitor massa id neque aliquam vestibulum morbi. Tempus iaculis urna id volutpat. Eleifend quam adipiscing vitae proin sagittis nisl rhoncus\n<ul>\n 	<li>Orci nulla pellentesque dignissim enim sit amet.</li>\n 	<li>Tellus molestie nunc non blandit massa enim nec dui.</li>\n 	<li>Pellentesque adipiscing commodo elit</li>\n</ul>\n</div>\n</div>\n      ",,,taxable,,1,,,0,0,,,,,1,,,359.99,"Accent Chairs, Uncategorized > Ciri 01 – 1",,,"https://ciri.la-studioweb.com/wp-content/uploads/2022/08/Black-2-Drawer-Nightstand.jpg, https://ciri.la-studioweb.com/wp-content/uploads/2022/08/Black-2-Drawer-Nightstand1.jpg",,,,,,,,,0,default,,,,,,,,,,,,,,
199,simple,"REF. LA-199","Atlas Bed",1,0,visible,"Fermentum odio eu feugiat pretium. Interdum varius sit amet mattis vulputate enim nulla. Rutrum tellus pellentesque eu tincidunt tortor aliquam nulla enim diam.","\n<div class=""product_desc-row"">\n<div class=""product_desc-img""><img class=""aligncenter size-full"" src=""https://ciri.la-studioweb.com/wp-content/uploads/2022/09/single-prod-d-1.jpg"" alt="""" width=""735"" height=""470"" /></div>\n<div class=""product_desc-desc"">\n<h4>We Furnish The Dreams</h4>\nNulla porttitor massa id neque aliquam vestibulum morbi. Tempus iaculis urna id volutpat. Eleifend quam adipiscing vitae proin sagittis nisl rhoncus\n<ul>\n 	<li>Orci nulla pellentesque dignissim enim sit amet.</li>\n 	<li>Tellus molestie nunc non blandit massa enim nec dui.</li>\n 	<li>Pellentesque adipiscing commodo elit</li>\n</ul>\n</div>\n</div>\n      ",,,taxable,,1,,,0,0,,,,,1,,,359.99,"Accent Chairs, Uncategorized > Ciri 01 – 1",,,"https://ciri.la-studioweb.com/wp-content/uploads/2022/08/Atlas-Bed-1.jpg, https://ciri.la-studioweb.com/wp-content/uploads/2022/08/Atlas-Bed.jpg",,,,,,,,,0,default,,Brand,"Brand 1, Brand 2, Brand 3, Brand 4, Brand 5",1,1,Color,"Blue, Dark, Dark Blue, Dust Storm, Grey, Light Gray, Pink",1,1,Material,"Leather, Silk, Wood",1,1,
1527,simple,"REF. LA-1527","Product Simple",1,0,visible,"Fermentum odio eu feugiat pretium. Interdum varius sit amet mattis vulputate enim nulla. Rutrum tellus pellentesque eu tincidunt tortor aliquam nulla enim diam.","\n<div class=""product_desc-row"">\n<div class=""product_desc-img""><img class=""aligncenter size-full"" src=""https://ciri.la-studioweb.com/wp-content/uploads/2022/09/single-prod-d-1.jpg"" alt="""" width=""735"" height=""470"" /></div>\n<div class=""product_desc-desc"">\n<h4>We Furnish The Dreams</h4>\nNulla porttitor massa id neque aliquam vestibulum morbi. Tempus iaculis urna id volutpat. Eleifend quam adipiscing vitae proin sagittis nisl rhoncus\n<ul>\n 	<li>Orci nulla pellentesque dignissim enim sit amet.</li>\n 	<li>Tellus molestie nunc non blandit massa enim nec dui.</li>\n 	<li>Pellentesque adipiscing commodo elit</li>\n</ul>\n</div>\n</div>\n      ",,,taxable,,1,,,0,0,,,,,1,,299.99,359.99,"Accent Chairs",Furniture,,"https://ciri.la-studioweb.com/wp-content/uploads/2022/09/single-prod-1a.jpg, https://ciri.la-studioweb.com/wp-content/uploads/2022/09/single-prod-1b.jpg, https://ciri.la-studioweb.com/wp-content/uploads/2022/09/single-prod-1d.jpg, https://ciri.la-studioweb.com/wp-content/uploads/2022/09/single-prod-1c.jpg, https://ciri.la-studioweb.com/wp-content/uploads/2022/09/single-prod-1e.jpg",,,,,,,,,0,default,,,,,,,,,,,,,,
1555,variable,"REF. LA-1555","Product Variable",1,0,visible,"Fermentum odio eu feugiat pretium. Interdum varius sit amet mattis vulputate enim nulla. Rutrum tellus pellentesque eu tincidunt tortor aliquam nulla enim diam.","\n<div class=""product_desc-row"">\n<div class=""product_desc-img""><img class=""aligncenter size-full"" src=""https://ciri.la-studioweb.com/wp-content/uploads/2022/09/single-prod-d-1.jpg"" alt="""" width=""735"" height=""470"" /></div>\n<div class=""product_desc-desc"">\n<h4>We Furnish The Dreams</h4>\nNulla porttitor massa id neque aliquam vestibulum morbi. Tempus iaculis urna id volutpat. Eleifend quam adipiscing vitae proin sagittis nisl rhoncus\n<ul>\n 	<li>Orci nulla pellentesque dignissim enim sit amet.</li>\n 	<li>Tellus molestie nunc non blandit massa enim nec dui.</li>\n 	<li>Pellentesque adipiscing commodo elit</li>\n</ul>\n</div>\n</div>\n      ",,,taxable,,1,,,0,0,,,,,1,,,,"Accent Chairs",Furniture,,"https://ciri.la-studioweb.com/wp-content/uploads/2022/09/single-prod-1a.jpg, https://ciri.la-studioweb.com/wp-content/uploads/2022/09/single-prod-1b.jpg, https://ciri.la-studioweb.com/wp-content/uploads/2022/09/single-prod-1d.jpg, https://ciri.la-studioweb.com/wp-content/uploads/2022/09/single-prod-1c.jpg, https://ciri.la-studioweb.com/wp-content/uploads/2022/09/single-prod-1e.jpg",,,,,,,,,0,default,,Color,"Dust Storm, Grey, Light Gray, Pink",1,1,Material,"Leather, Silk, Wood",1,1,,,,,picker
1556,variation,,"Product Variable",1,0,visible,,,,,taxable,parent,1,,,0,0,,,,,0,,,299,,,,,,,"REF. LA-1555",,,,,,0,,,Color,,,1,Material,,,1,,,,,
2017,simple,"REF. LA-2017","White Wine Glass",1,0,visible,"Fermentum odio eu feugiat pretium. Interdum varius sit amet mattis vulputate enim nulla. Rutrum tellus pellentesque eu tincidunt tortor aliquam nulla enim diam.","\n<div class=""product_desc-row"">\n<div class=""product_desc-img""><img class=""aligncenter size-full"" src=""https://ciri.la-studioweb.com/wp-content/uploads/2022/09/single-prod-d-1.jpg"" alt="""" width=""735"" height=""470"" /></div>\n<div class=""product_desc-desc"">\n<h4>We Furnish The Dreams</h4>\nNulla porttitor massa id neque aliquam vestibulum morbi. Tempus iaculis urna id volutpat. Eleifend quam adipiscing vitae proin sagittis nisl rhoncus\n<ul>\n 	<li>Orci nulla pellentesque dignissim enim sit amet.</li>\n 	<li>Tellus molestie nunc non blandit massa enim nec dui.</li>\n 	<li>Pellentesque adipiscing commodo elit</li>\n</ul>\n</div>\n</div>\n      ",,,taxable,,1,,,0,0,,,,,1,,,199,"Beds &amp; Headboards, Uncategorized > Ciri 02 – 1",,,"https://ciri.la-studioweb.com/wp-content/uploads/2022/09/White-Wine-Glass.jpg, https://ciri.la-studioweb.com/wp-content/uploads/2022/09/White-Wine-Glass1.jpg",,,,,,,,,0,default,,,,,,,,,,,,,,
2020,simple,"REF. LA-2020","West Natural Cane Bar Cabinet",1,0,visible,"Fermentum odio eu feugiat pretium. Interdum varius sit amet mattis vulputate enim nulla. Rutrum tellus pellentesque eu tincidunt tortor aliquam nulla enim diam.","\n<div class=""product_desc-row"">\n<div class=""product_desc-img""><img class=""aligncenter size-full"" src=""https://ciri.la-studioweb.com/wp-content/uploads/2022/09/single-prod-d-1.jpg"" alt="""" width=""735"" height=""470"" /></div>\n<div class=""product_desc-desc"">\n<h4>We Furnish The Dreams</h4>\nNulla porttitor massa id neque aliquam vestibulum morbi. Tempus iaculis urna id volutpat. Eleifend quam adipiscing vitae proin sagittis nisl rhoncus\n<ul>\n 	<li>Orci nulla pellentesque dignissim enim sit amet.</li>\n 	<li>Tellus molestie nunc non blandit massa enim nec dui.</li>\n 	<li>Pellentesque adipiscing commodo elit</li>\n</ul>\n</div>\n</div>\n      ",,,taxable,,1,,,0,0,,,,,1,,,199,"Beds &amp; Headboards, Uncategorized > Ciri 02 – 1",,,"https://ciri.la-studioweb.com/wp-content/uploads/2022/09/West-Natural-Cane-Bar-Cabinet.jpg, https://ciri.la-studioweb.com/wp-content/uploads/2022/09/West-Natural-Cane-Bar-Cabinet1.jpg",,,,,,,,,0,default,,,,,,,,,,,,,,
2023,simple,"REF. LA-2023","Renard Carved Media Console",1,0,visible,"Fermentum odio eu feugiat pretium. Interdum varius sit amet mattis vulputate enim nulla. Rutrum tellus pellentesque eu tincidunt tortor aliquam nulla enim diam.","\n<div class=""product_desc-row"">\n<div class=""product_desc-img""><img class=""aligncenter size-full"" src=""https://ciri.la-studioweb.com/wp-content/uploads/2022/09/single-prod-d-1.jpg"" alt="""" width=""735"" height=""470"" /></div>\n<div class=""product_desc-desc"">\n<h4>We Furnish The Dreams</h4>\nNulla porttitor massa id neque aliquam vestibulum morbi. Tempus iaculis urna id volutpat. Eleifend quam adipiscing vitae proin sagittis nisl rhoncus\n<ul>\n 	<li>Orci nulla pellentesque dignissim enim sit amet.</li>\n 	<li>Tellus molestie nunc non blandit massa enim nec dui.</li>\n 	<li>Pellentesque adipiscing commodo elit</li>\n</ul>\n</div>\n</div>\n      ",,,taxable,,1,,,0,0,,,,,1,,,359.99,"Beds &amp; Headboards, Uncategorized > Ciri 02 – 1",,,"https://ciri.la-studioweb.com/wp-content/uploads/2022/09/Renard-Carved-Media-Console.jpg, https://ciri.la-studioweb.com/wp-content/uploads/2022/09/Renard-Carved-Media-Console1.jpg",,,,,,,,,0,default,,,,,,,,,,,,,,
2026,simple,"REF. LA-2026","Round Dining Table",1,0,visible,"Fermentum odio eu feugiat pretium. Interdum varius sit amet mattis vulputate enim nulla. Rutrum tellus pellentesque eu tincidunt tortor aliquam nulla enim diam.","\n<div class=""product_desc-row"">\n<div class=""product_desc-img""><img class=""aligncenter size-full"" src=""https://ciri.la-studioweb.com/wp-content/uploads/2022/09/single-prod-d-1.jpg"" alt="""" width=""735"" height=""470"" /></div>\n<div class=""product_desc-desc"">\n<h4>We Furnish The Dreams</h4>\nNulla porttitor massa id neque aliquam vestibulum morbi. Tempus iaculis urna id volutpat. Eleifend quam adipiscing vitae proin sagittis nisl rhoncus\n<ul>\n 	<li>Orci nulla pellentesque dignissim enim sit amet.</li>\n 	<li>Tellus molestie nunc non blandit massa enim nec dui.</li>\n 	<li>Pellentesque adipiscing commodo elit</li>\n</ul>\n</div>\n</div>\n      ",,,taxable,,1,,,0,0,,,,,1,,,199.99,"Beds &amp; Headboards, Uncategorized > Ciri 02 – 1",,,"https://ciri.la-studioweb.com/wp-content/uploads/2022/09/Round-Dining-Table.jpg, https://ciri.la-studioweb.com/wp-content/uploads/2022/09/Round-Dining-Table1.jpg",,,,,,,,,0,default,,,,,,,,,,,,,,
2029,simple,"REF. LA-2029","Right-Arm Storage Chaise",1,0,visible,"Fermentum odio eu feugiat pretium. Interdum varius sit amet mattis vulputate enim nulla. Rutrum tellus pellentesque eu tincidunt tortor aliquam nulla enim diam.","\n<div class=""product_desc-row"">\n<div class=""product_desc-img""><img class=""aligncenter size-full"" src=""https://ciri.la-studioweb.com/wp-content/uploads/2022/09/single-prod-d-1.jpg"" alt="""" width=""735"" height=""470"" /></div>\n<div class=""product_desc-desc"">\n<h4>We Furnish The Dreams</h4>\nNulla porttitor massa id neque aliquam vestibulum morbi. Tempus iaculis urna id volutpat. Eleifend quam adipiscing vitae proin sagittis nisl rhoncus\n<ul>\n 	<li>Orci nulla pellentesque dignissim enim sit amet.</li>\n 	<li>Tellus molestie nunc non blandit massa enim nec dui.</li>\n 	<li>Pellentesque adipiscing commodo elit</li>\n</ul>\n</div>\n</div>\n      ",,,taxable,,1,,,0,0,,,,,1,,,699.99,"Beds &amp; Headboards, Uncategorized > Ciri 02 – 1",,,"https://ciri.la-studioweb.com/wp-content/uploads/2022/09/Right-Arm-Storage-Chaise.jpg, https://ciri.la-studioweb.com/wp-content/uploads/2022/09/Right-Arm-Storage-Chaise1.jpg",,,,,,,,,0,default,,,,,,,,,,,,,,
2032,simple,"REF. LA-2032","Antique Brass Floor Lamp",1,0,visible,"Fermentum odio eu feugiat pretium. Interdum varius sit amet mattis vulputate enim nulla. Rutrum tellus pellentesque eu tincidunt tortor aliquam nulla enim diam.","\n<div class=""product_desc-row"">\n<div class=""product_desc-img""><img class=""aligncenter size-full"" src=""https://ciri.la-studioweb.com/wp-content/uploads/2022/09/single-prod-d-1.jpg"" alt="""" width=""735"" height=""470"" /></div>\n<div class=""product_desc-desc"">\n<h4>We Furnish The Dreams</h4>\nNulla porttitor massa id neque aliquam vestibulum morbi. Tempus iaculis urna id volutpat. Eleifend quam adipiscing vitae proin sagittis nisl rhoncus\n<ul>\n 	<li>Orci nulla pellentesque dignissim enim sit amet.</li>\n 	<li>Tellus molestie nunc non blandit massa enim nec dui.</li>\n 	<li>Pellentesque adipiscing commodo elit</li>\n</ul>\n</div>\n</div>\n      ",,,taxable,,1,,,0,0,,,,,1,,,199.99,"Beds &amp; Headboards, Uncategorized > Ciri 02 – 1",,,"https://ciri.la-studioweb.com/wp-content/uploads/2022/09/Antique-Brass-Floor-Lamp.jpg, https://ciri.la-studioweb.com/wp-content/uploads/2022/09/Antique-Brass-Floor-Lamp1.jpg",,,,,,,,,0,default,,,,,,,,,,,,,,
2035,simple,"REF. LA-2035","Outdoor Wicker Lounge Chair",1,0,visible,"Fermentum odio eu feugiat pretium. Interdum varius sit amet mattis vulputate enim nulla. Rutrum tellus pellentesque eu tincidunt tortor aliquam nulla enim diam.","\n<div class=""product_desc-row"">\n<div class=""product_desc-img""><img class=""aligncenter size-full"" src=""https://ciri.la-studioweb.com/wp-content/uploads/2022/09/single-prod-d-1.jpg"" alt="""" width=""735"" height=""470"" /></div>\n<div class=""product_desc-desc"">\n<h4>We Furnish The Dreams</h4>\nNulla porttitor massa id neque aliquam vestibulum morbi. Tempus iaculis urna id volutpat. Eleifend quam adipiscing vitae proin sagittis nisl rhoncus\n<ul>\n 	<li>Orci nulla pellentesque dignissim enim sit amet.</li>\n 	<li>Tellus molestie nunc non blandit massa enim nec dui.</li>\n 	<li>Pellentesque adipiscing commodo elit</li>\n</ul>\n</div>\n</div>\n      ",,,taxable,,1,,,0,0,,,,,1,,,199.99,"Uncategorized > Ciri 02 – 1, Uncategorized",,,"https://ciri.la-studioweb.com/wp-content/uploads/2022/09/Outdoor-Wicker-Lounge-Chair.jpg, https://ciri.la-studioweb.com/wp-content/uploads/2022/09/Outdoor-Wicker-Lounge-Chair1.jpg",,,,,,,,,0,default,,,,,,,,,,,,,,
2038,simple,"REF. LA-2038","Axis Bench Sofa",1,0,visible,"Fermentum odio eu feugiat pretium. Interdum varius sit amet mattis vulputate enim nulla. Rutrum tellus pellentesque eu tincidunt tortor aliquam nulla enim diam.","\n<div class=""product_desc-row"">\n<div class=""product_desc-img""><img class=""aligncenter size-full"" src=""https://ciri.la-studioweb.com/wp-content/uploads/2022/09/single-prod-d-1.jpg"" alt="""" width=""735"" height=""470"" /></div>\n<div class=""product_desc-desc"">\n<h4>We Furnish The Dreams</h4>\nNulla porttitor massa id neque aliquam vestibulum morbi. Tempus iaculis urna id volutpat. Eleifend quam adipiscing vitae proin sagittis nisl rhoncus\n<ul>\n 	<li>Orci nulla pellentesque dignissim enim sit amet.</li>\n 	<li>Tellus molestie nunc non blandit massa enim nec dui.</li>\n 	<li>Pellentesque adipiscing commodo elit</li>\n</ul>\n</div>\n</div>\n      ",,,taxable,,1,,,0,0,,,,,1,,,699.99,"Beds &amp; Headboards, Uncategorized > Ciri 02 – 1",,,"https://ciri.la-studioweb.com/wp-content/uploads/2022/09/Axis-Bench-Sofa.jpg, https://ciri.la-studioweb.com/wp-content/uploads/2022/09/Axis-Bench-Sofa1.jpg",,,,,,,,,0,default,,,,,,,,,,,,,,
2042,simple,"REF. LA-2042","Table Lamp with Drum Shade",1,0,visible,"Fermentum odio eu feugiat pretium. Interdum varius sit amet mattis vulputate enim nulla. Rutrum tellus pellentesque eu tincidunt tortor aliquam nulla enim diam.","\n<div class=""product_desc-row"">\n<div class=""product_desc-img""><img class=""aligncenter size-full"" src=""https://ciri.la-studioweb.com/wp-content/uploads/2022/09/single-prod-d-1.jpg"" alt="""" width=""735"" height=""470"" /></div>\n<div class=""product_desc-desc"">\n<h4>We Furnish The Dreams</h4>\nNulla porttitor massa id neque aliquam vestibulum morbi. Tempus iaculis urna id volutpat. Eleifend quam adipiscing vitae proin sagittis nisl rhoncus\n<ul>\n 	<li>Orci nulla pellentesque dignissim enim sit amet.</li>\n 	<li>Tellus molestie nunc non blandit massa enim nec dui.</li>\n 	<li>Pellentesque adipiscing commodo elit</li>\n</ul>\n</div>\n</div>\n      ",,,taxable,,1,,,0,0,,,,,1,,,199.99,"Uncategorized > Ciri 03 - 3",,,"https://ciri.la-studioweb.com/wp-content/uploads/2022/09/Table-Lamp-with-Drum-Shade.jpg, https://ciri.la-studioweb.com/wp-content/uploads/2022/09/Table-Lamp-with-Drum-Shade1.jpg",,,,,,,,,0,default,,,,,,,,,,,,,,
2045,simple,"REF. LA-2045","Curran Crema Dining Chair",1,0,visible,"Fermentum odio eu feugiat pretium. Interdum varius sit amet mattis vulputate enim nulla. Rutrum tellus pellentesque eu tincidunt tortor aliquam nulla enim diam.","\n<div class=""product_desc-row"">\n<div class=""product_desc-img""><img class=""aligncenter size-full"" src=""https://ciri.la-studioweb.com/wp-content/uploads/2022/09/single-prod-d-1.jpg"" alt="""" width=""735"" height=""470"" /></div>\n<div class=""product_desc-desc"">\n<h4>We Furnish The Dreams</h4>\nNulla porttitor massa id neque aliquam vestibulum morbi. Tempus iaculis urna id volutpat. Eleifend quam adipiscing vitae proin sagittis nisl rhoncus\n<ul>\n 	<li>Orci nulla pellentesque dignissim enim sit amet.</li>\n 	<li>Tellus molestie nunc non blandit massa enim nec dui.</li>\n 	<li>Pellentesque adipiscing commodo elit</li>\n</ul>\n</div>\n</div>\n      ",,,taxable,,1,,,0,0,,,,,1,,,199.99,"Uncategorized > Ciri 03 - 3",,,"https://ciri.la-studioweb.com/wp-content/uploads/2022/09/Curran-Crema-Dining-Chair.jpg, https://ciri.la-studioweb.com/wp-content/uploads/2022/09/Curran-Crema-Dining-Chair1.jpg",,,,,,,,,0,default,,,,,,,,,,,,,,
2048,simple,"REF. LA-2048","Pressed Floral Salad Plate",1,0,visible,"Fermentum odio eu feugiat pretium. Interdum varius sit amet mattis vulputate enim nulla. Rutrum tellus pellentesque eu tincidunt tortor aliquam nulla enim diam.","\n<div class=""product_desc-row"">\n<div class=""product_desc-img""><img class=""aligncenter size-full"" src=""https://ciri.la-studioweb.com/wp-content/uploads/2022/09/single-prod-d-1.jpg"" alt="""" width=""735"" height=""470"" /></div>\n<div class=""product_desc-desc"">\n<h4>We Furnish The Dreams</h4>\nNulla porttitor massa id neque aliquam vestibulum morbi. Tempus iaculis urna id volutpat. Eleifend quam adipiscing vitae proin sagittis nisl rhoncus\n<ul>\n 	<li>Orci nulla pellentesque dignissim enim sit amet.</li>\n 	<li>Tellus molestie nunc non blandit massa enim nec dui.</li>\n 	<li>Pellentesque adipiscing commodo elit</li>\n</ul>\n</div>\n</div>\n      ",,,taxable,,1,,,0,0,,,,,1,,,199.99,"Uncategorized > Ciri 03 - 3",,,"https://ciri.la-studioweb.com/wp-content/uploads/2022/09/Pressed-Floral-Salad-Plate.jpg, https://ciri.la-studioweb.com/wp-content/uploads/2022/09/Pressed-Floral-Salad-Plate1.jpg",,,,,,,,,0,default,,,,,,,,,,,,,,
2051,simple,"REF. LA-2051","Floor Window Pane Mirror",1,0,visible,"Fermentum odio eu feugiat pretium. Interdum varius sit amet mattis vulputate enim nulla. Rutrum tellus pellentesque eu tincidunt tortor aliquam nulla enim diam.","\n<div class=""product_desc-row"">\n<div class=""product_desc-img""><img class=""aligncenter size-full"" src=""https://ciri.la-studioweb.com/wp-content/uploads/2022/09/single-prod-d-1.jpg"" alt="""" width=""735"" height=""470"" /></div>\n<div class=""product_desc-desc"">\n<h4>We Furnish The Dreams</h4>\nNulla porttitor massa id neque aliquam vestibulum morbi. Tempus iaculis urna id volutpat. Eleifend quam adipiscing vitae proin sagittis nisl rhoncus\n<ul>\n 	<li>Orci nulla pellentesque dignissim enim sit amet.</li>\n 	<li>Tellus molestie nunc non blandit massa enim nec dui.</li>\n 	<li>Pellentesque adipiscing commodo elit</li>\n</ul>\n</div>\n</div>\n      ",,,taxable,,1,,,0,0,,,,,1,,,199.99,"Uncategorized > Ciri 03 - 2",,,"https://ciri.la-studioweb.com/wp-content/uploads/2022/09/Floor-Window-Pane-Mirror.jpg, https://ciri.la-studioweb.com/wp-content/uploads/2022/09/Floor-Window-Pane-Mirror1.jpg",,,,,,,,,0,default,,,,,,,,,,,,,,
2055,simple,"REF. LA-2055","Beau LED Brass Task Lamp",1,0,visible,"Fermentum odio eu feugiat pretium. Interdum varius sit amet mattis vulputate enim nulla. Rutrum tellus pellentesque eu tincidunt tortor aliquam nulla enim diam.","\n<div class=""product_desc-row"">\n<div class=""product_desc-img""><img class=""aligncenter size-full"" src=""https://ciri.la-studioweb.com/wp-content/uploads/2022/09/single-prod-d-1.jpg"" alt="""" width=""735"" height=""470"" /></div>\n<div class=""product_desc-desc"">\n<h4>We Furnish The Dreams</h4>\nNulla porttitor massa id neque aliquam vestibulum morbi. Tempus iaculis urna id volutpat. Eleifend quam adipiscing vitae proin sagittis nisl rhoncus\n<ul>\n 	<li>Orci nulla pellentesque dignissim enim sit amet.</li>\n 	<li>Tellus molestie nunc non blandit massa enim nec dui.</li>\n 	<li>Pellentesque adipiscing commodo elit</li>\n</ul>\n</div>\n</div>\n      ",,,taxable,,1,,,0,0,,,,,1,,,399.99,"Uncategorized > Ciri 03 - 2",,,"https://ciri.la-studioweb.com/wp-content/uploads/2022/09/Beau-LED-Brass-Task-Lamp.jpg, https://ciri.la-studioweb.com/wp-content/uploads/2022/09/Beau-LED-Brass-Task-Lamp1.jpg",,,,,,,,,0,default,,,,,,,,,,,,,,
2058,simple,"REF. LA-2058","Libby Natural Dining Chair",1,0,visible,"Fermentum odio eu feugiat pretium. Interdum varius sit amet mattis vulputate enim nulla. Rutrum tellus pellentesque eu tincidunt tortor aliquam nulla enim diam.","\n<div class=""product_desc-row"">\n<div class=""product_desc-img""><img class=""aligncenter size-full"" src=""https://ciri.la-studioweb.com/wp-content/uploads/2022/09/single-prod-d-1.jpg"" alt="""" width=""735"" height=""470"" /></div>\n<div class=""product_desc-desc"">\n<h4>We Furnish The Dreams</h4>\nNulla porttitor massa id neque aliquam vestibulum morbi. Tempus iaculis urna id volutpat. Eleifend quam adipiscing vitae proin sagittis nisl rhoncus\n<ul>\n 	<li>Orci nulla pellentesque dignissim enim sit amet.</li>\n 	<li>Tellus molestie nunc non blandit massa enim nec dui.</li>\n 	<li>Pellentesque adipiscing commodo elit</li>\n</ul>\n</div>\n</div>\n      ",,,taxable,,1,,,0,0,,,,,1,,,199.99,"Uncategorized > Ciri 03 - 2",,,"https://ciri.la-studioweb.com/wp-content/uploads/2022/09/Libby-Natural-Dining-Chair.jpg, https://ciri.la-studioweb.com/wp-content/uploads/2022/09/Libby-Natural-Dining-Chair1.jpg",,,,,,,,,0,default,,,,,,,,,,,,,,
2061,simple,"REF. LA-2061","Linen Bowl",1,0,visible,"Fermentum odio eu feugiat pretium. Interdum varius sit amet mattis vulputate enim nulla. Rutrum tellus pellentesque eu tincidunt tortor aliquam nulla enim diam.","\n<div class=""product_desc-row"">\n<div class=""product_desc-img""><img class=""aligncenter size-full"" src=""https://ciri.la-studioweb.com/wp-content/uploads/2022/09/single-prod-d-1.jpg"" alt="""" width=""735"" height=""470"" /></div>\n<div class=""product_desc-desc"">\n<h4>We Furnish The Dreams</h4>\nNulla porttitor massa id neque aliquam vestibulum morbi. Tempus iaculis urna id volutpat. Eleifend quam adipiscing vitae proin sagittis nisl rhoncus\n<ul>\n 	<li>Orci nulla pellentesque dignissim enim sit amet.</li>\n 	<li>Tellus molestie nunc non blandit massa enim nec dui.</li>\n 	<li>Pellentesque adipiscing commodo elit</li>\n</ul>\n</div>\n</div>\n      ",,,taxable,,1,,,0,0,,,,,1,,,199.99,"Uncategorized > Ciri 03 - 2",,,"https://ciri.la-studioweb.com/wp-content/uploads/2022/09/Linen-Bowl.jpg, https://ciri.la-studioweb.com/wp-content/uploads/2022/09/Linen-Bowl1.jpg",,,,,,,,,0,default,,,,,,,,,,,,,,
2064,simple,"REF. LA-2064","Circulus Cabinet",1,0,visible,"Fermentum odio eu feugiat pretium. Interdum varius sit amet mattis vulputate enim nulla. Rutrum tellus pellentesque eu tincidunt tortor aliquam nulla enim diam.","\n<div class=""product_desc-row"">\n<div class=""product_desc-img""><img class=""aligncenter size-full"" src=""https://ciri.la-studioweb.com/wp-content/uploads/2022/09/single-prod-d-1.jpg"" alt="""" width=""735"" height=""470"" /></div>\n<div class=""product_desc-desc"">\n<h4>We Furnish The Dreams</h4>\nNulla porttitor massa id neque aliquam vestibulum morbi. Tempus iaculis urna id volutpat. Eleifend quam adipiscing vitae proin sagittis nisl rhoncus\n<ul>\n 	<li>Orci nulla pellentesque dignissim enim sit amet.</li>\n 	<li>Tellus molestie nunc non blandit massa enim nec dui.</li>\n 	<li>Pellentesque adipiscing commodo elit</li>\n</ul>\n</div>\n</div>\n      ",,,taxable,,1,,,0,0,,,,,1,,,699.99,"Uncategorized > Ciri 03 - 2",,,"https://ciri.la-studioweb.com/wp-content/uploads/2022/09/Circulus-Cabinet.jpg, https://ciri.la-studioweb.com/wp-content/uploads/2022/09/Circulus-Cabinet1.jpg",,,,,,,,,0,default,,,,,,,,,,,,,,
2067,grouped,"REF. LA-2067","Oval Nesting Coffee Table",1,0,visible,"Fermentum odio eu feugiat pretium. Interdum varius sit amet mattis vulputate enim nulla. Rutrum tellus pellentesque eu tincidunt tortor aliquam nulla enim diam.","\n<div class=""product_desc-row"">\n<div class=""product_desc-img""><img class=""aligncenter size-full"" src=""https://ciri.la-studioweb.com/wp-content/uploads/2022/09/single-prod-d-1.jpg"" alt="""" width=""735"" height=""470"" /></div>\n<div class=""product_desc-desc"">\n<h4>We Furnish The Dreams</h4>\nNulla porttitor massa id neque aliquam vestibulum morbi. Tempus iaculis urna id volutpat. Eleifend quam adipiscing vitae proin sagittis nisl rhoncus\n<ul>\n 	<li>Orci nulla pellentesque dignissim enim sit amet.</li>\n 	<li>Tellus molestie nunc non blandit massa enim nec dui.</li>\n 	<li>Pellentesque adipiscing commodo elit</li>\n</ul>\n</div>\n</div>\n      ",,,taxable,,1,,,0,0,,,,,1,,,,"Uncategorized > Ciri 03 - 2",,,"https://ciri.la-studioweb.com/wp-content/uploads/2022/09/Oval-Nesting-Coffee-Table.jpg, https://ciri.la-studioweb.com/wp-content/uploads/2022/09/Oval-Nesting-Coffee-Table1.jpg",,,,"REF. LA-2153, REF. LA-2026",,,,,0,default,,,,,,,,,,,,,,
2070,simple,"REF. LA-2070","Concrete Desk with Wood",1,0,visible,"Fermentum odio eu feugiat pretium. Interdum varius sit amet mattis vulputate enim nulla. Rutrum tellus pellentesque eu tincidunt tortor aliquam nulla enim diam.","\n<div class=""product_desc-row"">\n<div class=""product_desc-img""><img class=""aligncenter size-full"" src=""https://ciri.la-studioweb.com/wp-content/uploads/2022/09/single-prod-d-1.jpg"" alt="""" width=""735"" height=""470"" /></div>\n<div class=""product_desc-desc"">\n<h4>We Furnish The Dreams</h4>\nNulla porttitor massa id neque aliquam vestibulum morbi. Tempus iaculis urna id volutpat. Eleifend quam adipiscing vitae proin sagittis nisl rhoncus\n<ul>\n 	<li>Orci nulla pellentesque dignissim enim sit amet.</li>\n 	<li>Tellus molestie nunc non blandit massa enim nec dui.</li>\n 	<li>Pellentesque adipiscing commodo elit</li>\n</ul>\n</div>\n</div>\n      ",,,taxable,,1,,,0,0,,,,,1,,,359.99,"Uncategorized > Ciri 03 - 2",,,"https://ciri.la-studioweb.com/wp-content/uploads/2022/09/Concrete-Desk-with-Wood.jpg, https://ciri.la-studioweb.com/wp-content/uploads/2022/09/Concrete-Desk-with-Wood1.jpg",,,,,,,,,0,default,,,,,,,,,,,,,,
2073,simple,"REF. LA-2073","Bookcase Bar Cabinet",1,0,visible,"Fermentum odio eu feugiat pretium. Interdum varius sit amet mattis vulputate enim nulla. Rutrum tellus pellentesque eu tincidunt tortor aliquam nulla enim diam.","\n<div class=""product_desc-row"">\n<div class=""product_desc-img""><img class=""aligncenter size-full"" src=""https://ciri.la-studioweb.com/wp-content/uploads/2022/09/single-prod-d-1.jpg"" alt="""" width=""735"" height=""470"" /></div>\n<div class=""product_desc-desc"">\n<h4>We Furnish The Dreams</h4>\nNulla porttitor massa id neque aliquam vestibulum morbi. Tempus iaculis urna id volutpat. Eleifend quam adipiscing vitae proin sagittis nisl rhoncus\n<ul>\n 	<li>Orci nulla pellentesque dignissim enim sit amet.</li>\n 	<li>Tellus molestie nunc non blandit massa enim nec dui.</li>\n 	<li>Pellentesque adipiscing commodo elit</li>\n</ul>\n</div>\n</div>\n      ",,,taxable,,1,,,0,0,,,,,1,,,159.99,"Uncategorized > Ciri 03 - 2",,,"https://ciri.la-studioweb.com/wp-content/uploads/2022/09/Bookcase-Bar-Cabinet.jpg, https://ciri.la-studioweb.com/wp-content/uploads/2022/09/Bookcase-Bar-Cabinet1.jpg",,,,,,,,,0,default,,,,,,,,,,,,,,
2076,simple,"REF. LA-2076","Small White Ceramic Table Lamp",1,0,visible,"Fermentum odio eu feugiat pretium. Interdum varius sit amet mattis vulputate enim nulla. Rutrum tellus pellentesque eu tincidunt tortor aliquam nulla enim diam.","\n<div class=""product_desc-row"">\n<div class=""product_desc-img""><img class=""aligncenter size-full"" src=""https://ciri.la-studioweb.com/wp-content/uploads/2022/09/single-prod-d-1.jpg"" alt="""" width=""735"" height=""470"" /></div>\n<div class=""product_desc-desc"">\n<h4>We Furnish The Dreams</h4>\nNulla porttitor massa id neque aliquam vestibulum morbi. Tempus iaculis urna id volutpat. Eleifend quam adipiscing vitae proin sagittis nisl rhoncus\n<ul>\n 	<li>Orci nulla pellentesque dignissim enim sit amet.</li>\n 	<li>Tellus molestie nunc non blandit massa enim nec dui.</li>\n 	<li>Pellentesque adipiscing commodo elit</li>\n</ul>\n</div>\n</div>\n      ",,,taxable,,1,,,0,0,,,,,1,,,159.99,"Uncategorized > Ciri 03 - 1",,,"https://ciri.la-studioweb.com/wp-content/uploads/2022/09/Small-White-Ceramic-Table-Lamp.jpg, https://ciri.la-studioweb.com/wp-content/uploads/2022/09/Small-White-Ceramic-Table-Lamp1.jpg",,,,,,,,,0,default,,,,,,,,,,,,,,
2079,simple,"REF. LA-2079","Wells Leather Ottoman",1,0,visible,"Fermentum odio eu feugiat pretium. Interdum varius sit amet mattis vulputate enim nulla. Rutrum tellus pellentesque eu tincidunt tortor aliquam nulla enim diam.","\n<div class=""product_desc-row"">\n<div class=""product_desc-img""><img class=""aligncenter size-full"" src=""https://ciri.la-studioweb.com/wp-content/uploads/2022/09/single-prod-d-1.jpg"" alt="""" width=""735"" height=""470"" /></div>\n<div class=""product_desc-desc"">\n<h4>We Furnish The Dreams</h4>\nNulla porttitor massa id neque aliquam vestibulum morbi. Tempus iaculis urna id volutpat. Eleifend quam adipiscing vitae proin sagittis nisl rhoncus\n<ul>\n 	<li>Orci nulla pellentesque dignissim enim sit amet.</li>\n 	<li>Tellus molestie nunc non blandit massa enim nec dui.</li>\n 	<li>Pellentesque adipiscing commodo elit</li>\n</ul>\n</div>\n</div>\n      ",,,taxable,,1,,,0,0,,,,,1,,,659.99,"Uncategorized > Ciri 03 - 1",,,"https://ciri.la-studioweb.com/wp-content/uploads/2022/09/Wells-Leather-Ottoman.jpg, https://ciri.la-studioweb.com/wp-content/uploads/2022/09/Wells-Leather-Ottoman1.jpg",,,,,,,,,0,default,,,,,,,,,,,,,,
2082,simple,"REF. LA-2082","Stone Small 3-Drawer Chest",1,0,visible,"Fermentum odio eu feugiat pretium. Interdum varius sit amet mattis vulputate enim nulla. Rutrum tellus pellentesque eu tincidunt tortor aliquam nulla enim diam.","\n<div class=""product_desc-row"">\n<div class=""product_desc-img""><img class=""aligncenter size-full"" src=""https://ciri.la-studioweb.com/wp-content/uploads/2022/09/single-prod-d-1.jpg"" alt="""" width=""735"" height=""470"" /></div>\n<div class=""product_desc-desc"">\n<h4>We Furnish The Dreams</h4>\nNulla porttitor massa id neque aliquam vestibulum morbi. Tempus iaculis urna id volutpat. Eleifend quam adipiscing vitae proin sagittis nisl rhoncus\n<ul>\n 	<li>Orci nulla pellentesque dignissim enim sit amet.</li>\n 	<li>Tellus molestie nunc non blandit massa enim nec dui.</li>\n 	<li>Pellentesque adipiscing commodo elit</li>\n</ul>\n</div>\n</div>\n      ",,,taxable,,1,,,0,0,,,,,1,,,159.99,"Uncategorized > Ciri 03 - 1",,,"https://ciri.la-studioweb.com/wp-content/uploads/2022/09/Stone-Small-3-Drawer-Chest1.jpg, https://ciri.la-studioweb.com/wp-content/uploads/2022/09/Stone-Small-3-Drawer-Chest1.jpg",,,,,,,,,0,default,,,,,,,,,,,,,,
2085,simple,"REF. LA-2085","Tile Ceramic Floor Lamp",1,0,visible,"Fermentum odio eu feugiat pretium. Interdum varius sit amet mattis vulputate enim nulla. Rutrum tellus pellentesque eu tincidunt tortor aliquam nulla enim diam.","\n<div class=""product_desc-row"">\n<div class=""product_desc-img""><img class=""aligncenter size-full"" src=""https://ciri.la-studioweb.com/wp-content/uploads/2022/09/single-prod-d-1.jpg"" alt="""" width=""735"" height=""470"" /></div>\n<div class=""product_desc-desc"">\n<h4>We Furnish The Dreams</h4>\nNulla porttitor massa id neque aliquam vestibulum morbi. Tempus iaculis urna id volutpat. Eleifend quam adipiscing vitae proin sagittis nisl rhoncus\n<ul>\n 	<li>Orci nulla pellentesque dignissim enim sit amet.</li>\n 	<li>Tellus molestie nunc non blandit massa enim nec dui.</li>\n 	<li>Pellentesque adipiscing commodo elit</li>\n</ul>\n</div>\n</div>\n      ",,,taxable,,1,,,0,0,,,,,1,,,849.99,"Uncategorized > Ciri 04 - 3",,,https://ciri.la-studioweb.com/wp-content/uploads/2022/09/m4-prod3-1.jpeg,,,,,,,,,0,default,,,,,,,,,,,,,,
2087,simple,"REF. LA-2087","Concrete Desk with Bleached Wood",1,0,visible,"Fermentum odio eu feugiat pretium. Interdum varius sit amet mattis vulputate enim nulla. Rutrum tellus pellentesque eu tincidunt tortor aliquam nulla enim diam.","\n<div class=""product_desc-row"">\n<div class=""product_desc-img""><img class=""aligncenter size-full"" src=""https://ciri.la-studioweb.com/wp-content/uploads/2022/09/single-prod-d-1.jpg"" alt="""" width=""735"" height=""470"" /></div>\n<div class=""product_desc-desc"">\n<h4>We Furnish The Dreams</h4>\nNulla porttitor massa id neque aliquam vestibulum morbi. Tempus iaculis urna id volutpat. Eleifend quam adipiscing vitae proin sagittis nisl rhoncus\n<ul>\n 	<li>Orci nulla pellentesque dignissim enim sit amet.</li>\n 	<li>Tellus molestie nunc non blandit massa enim nec dui.</li>\n 	<li>Pellentesque adipiscing commodo elit</li>\n</ul>\n</div>\n</div>\n      ",,,taxable,,1,,,0,0,,,,,1,,,849.99,"Uncategorized > Ciri 04 - 3",,,https://ciri.la-studioweb.com/wp-content/uploads/2022/09/m4-prod3-2.jpeg,,,,,,,,,0,default,,,,,,,,,,,,,,
2089,simple,"REF. LA-2089","4-Drawer Chest",1,0,visible,"Fermentum odio eu feugiat pretium. Interdum varius sit amet mattis vulputate enim nulla. Rutrum tellus pellentesque eu tincidunt tortor aliquam nulla enim diam.","\n<div class=""product_desc-row"">\n<div class=""product_desc-img""><img class=""aligncenter size-full"" src=""https://ciri.la-studioweb.com/wp-content/uploads/2022/09/single-prod-d-1.jpg"" alt="""" width=""735"" height=""470"" /></div>\n<div class=""product_desc-desc"">\n<h4>We Furnish The Dreams</h4>\nNulla porttitor massa id neque aliquam vestibulum morbi. Tempus iaculis urna id volutpat. Eleifend quam adipiscing vitae proin sagittis nisl rhoncus\n<ul>\n 	<li>Orci nulla pellentesque dignissim enim sit amet.</li>\n 	<li>Tellus molestie nunc non blandit massa enim nec dui.</li>\n 	<li>Pellentesque adipiscing commodo elit</li>\n</ul>\n</div>\n</div>\n      ",,,taxable,,1,,,0,0,,,,,1,,,849.99,"Uncategorized > Ciri 04 - 3",,,https://ciri.la-studioweb.com/wp-content/uploads/2022/09/m4-prod3-3.jpeg,,,,,,,,,0,default,,,,,,,,,,,,,,
2091,simple,"REF. LA-2091","White Wood Platform Bed",1,0,visible,"Fermentum odio eu feugiat pretium. Interdum varius sit amet mattis vulputate enim nulla. Rutrum tellus pellentesque eu tincidunt tortor aliquam nulla enim diam.","\n<div class=""product_desc-row"">\n<div class=""product_desc-img""><img class=""aligncenter size-full"" src=""https://ciri.la-studioweb.com/wp-content/uploads/2022/09/single-prod-d-1.jpg"" alt="""" width=""735"" height=""470"" /></div>\n<div class=""product_desc-desc"">\n<h4>We Furnish The Dreams</h4>\nNulla porttitor massa id neque aliquam vestibulum morbi. Tempus iaculis urna id volutpat. Eleifend quam adipiscing vitae proin sagittis nisl rhoncus\n<ul>\n 	<li>Orci nulla pellentesque dignissim enim sit amet.</li>\n 	<li>Tellus molestie nunc non blandit massa enim nec dui.</li>\n 	<li>Pellentesque adipiscing commodo elit</li>\n</ul>\n</div>\n</div>\n      ",,,taxable,,1,,,0,0,,,,,1,,,849.99,"Uncategorized > Ciri 04 - 3",,,https://ciri.la-studioweb.com/wp-content/uploads/2022/09/m4-prod3-4.jpeg,,,,,,,,,0,default,,,,,,,,,,,,,,
2093,simple,"REF. LA-2093","Open-Back Dining Chair",1,0,visible,"Fermentum odio eu feugiat pretium. Interdum varius sit amet mattis vulputate enim nulla. Rutrum tellus pellentesque eu tincidunt tortor aliquam nulla enim diam.","\n<div class=""product_desc-row"">\n<div class=""product_desc-img""><img class=""aligncenter size-full"" src=""https://ciri.la-studioweb.com/wp-content/uploads/2022/09/single-prod-d-1.jpg"" alt="""" width=""735"" height=""470"" /></div>\n<div class=""product_desc-desc"">\n<h4>We Furnish The Dreams</h4>\nNulla porttitor massa id neque aliquam vestibulum morbi. Tempus iaculis urna id volutpat. Eleifend quam adipiscing vitae proin sagittis nisl rhoncus\n<ul>\n 	<li>Orci nulla pellentesque dignissim enim sit amet.</li>\n 	<li>Tellus molestie nunc non blandit massa enim nec dui.</li>\n 	<li>Pellentesque adipiscing commodo elit</li>\n</ul>\n</div>\n</div>\n      ",,,taxable,,1,,,0,0,,,,,1,,,849.99,"Uncategorized > Ciri 04 - 3",,,https://ciri.la-studioweb.com/wp-content/uploads/2022/09/m4-prod3-5.jpeg,,,,,,,,,0,default,,,,,,,,,,,,,,
2095,simple,"REF. LA-2095","White Marble Top Dining Table",1,0,visible,"Fermentum odio eu feugiat pretium. Interdum varius sit amet mattis vulputate enim nulla. Rutrum tellus pellentesque eu tincidunt tortor aliquam nulla enim diam.","\n<div class=""product_desc-row"">\n<div class=""product_desc-img""><img class=""aligncenter size-full"" src=""https://ciri.la-studioweb.com/wp-content/uploads/2022/09/single-prod-d-1.jpg"" alt="""" width=""735"" height=""470"" /></div>\n<div class=""product_desc-desc"">\n<h4>We Furnish The Dreams</h4>\nNulla porttitor massa id neque aliquam vestibulum morbi. Tempus iaculis urna id volutpat. Eleifend quam adipiscing vitae proin sagittis nisl rhoncus\n<ul>\n 	<li>Orci nulla pellentesque dignissim enim sit amet.</li>\n 	<li>Tellus molestie nunc non blandit massa enim nec dui.</li>\n 	<li>Pellentesque adipiscing commodo elit</li>\n</ul>\n</div>\n</div>\n      ",,,taxable,,1,,,0,0,,,,,1,,,849.99,"Uncategorized > Ciri 04 - 3",,,https://ciri.la-studioweb.com/wp-content/uploads/2022/09/m4-prod3-6.jpeg,,,,,,,,,0,default,,,,,,,,,,,,,,
2097,simple,"REF. LA-2097","Troupe Round Pine Coffee Table",1,0,visible,"Fermentum odio eu feugiat pretium. Interdum varius sit amet mattis vulputate enim nulla. Rutrum tellus pellentesque eu tincidunt tortor aliquam nulla enim diam.","\n<div class=""product_desc-row"">\n<div class=""product_desc-img""><img class=""aligncenter size-full"" src=""https://ciri.la-studioweb.com/wp-content/uploads/2022/09/single-prod-d-1.jpg"" alt="""" width=""735"" height=""470"" /></div>\n<div class=""product_desc-desc"">\n<h4>We Furnish The Dreams</h4>\nNulla porttitor massa id neque aliquam vestibulum morbi. Tempus iaculis urna id volutpat. Eleifend quam adipiscing vitae proin sagittis nisl rhoncus\n<ul>\n 	<li>Orci nulla pellentesque dignissim enim sit amet.</li>\n 	<li>Tellus molestie nunc non blandit massa enim nec dui.</li>\n 	<li>Pellentesque adipiscing commodo elit</li>\n</ul>\n</div>\n</div>\n      ",,,taxable,,1,,,0,0,,,,,1,,,849.99,"Uncategorized > Ciri 04 - 3",,,https://ciri.la-studioweb.com/wp-content/uploads/2022/09/m4-prod3-7.jpeg,,,,,,,,,0,default,,,,,,,,,,,,,,
2099,simple,"REF. LA-2099","Dawes Swivel Chair",1,0,visible,"Fermentum odio eu feugiat pretium. Interdum varius sit amet mattis vulputate enim nulla. Rutrum tellus pellentesque eu tincidunt tortor aliquam nulla enim diam.","\n<div class=""product_desc-row"">\n<div class=""product_desc-img""><img class=""aligncenter size-full"" src=""https://ciri.la-studioweb.com/wp-content/uploads/2022/09/single-prod-d-1.jpg"" alt="""" width=""735"" height=""470"" /></div>\n<div class=""product_desc-desc"">\n<h4>We Furnish The Dreams</h4>\nNulla porttitor massa id neque aliquam vestibulum morbi. Tempus iaculis urna id volutpat. Eleifend quam adipiscing vitae proin sagittis nisl rhoncus\n<ul>\n 	<li>Orci nulla pellentesque dignissim enim sit amet.</li>\n 	<li>Tellus molestie nunc non blandit massa enim nec dui.</li>\n 	<li>Pellentesque adipiscing commodo elit</li>\n</ul>\n</div>\n</div>\n      ",,,taxable,,1,,,0,0,,,,,1,,,849.99,"Uncategorized > Ciri 04 - 3",,,https://ciri.la-studioweb.com/wp-content/uploads/2022/09/m4-prod3-8.jpeg,,,,,,,,,0,default,,,,,,,,,,,,,,
2101,simple,"REF. LA-2101","Ula Desk",1,0,visible,"Fermentum odio eu feugiat pretium. Interdum varius sit amet mattis vulputate enim nulla. Rutrum tellus pellentesque eu tincidunt tortor aliquam nulla enim diam.","\n<div class=""product_desc-row"">\n<div class=""product_desc-img""><img class=""aligncenter size-full"" src=""https://ciri.la-studioweb.com/wp-content/uploads/2022/09/single-prod-d-1.jpg"" alt="""" width=""735"" height=""470"" /></div>\n<div class=""product_desc-desc"">\n<h4>We Furnish The Dreams</h4>\nNulla porttitor massa id neque aliquam vestibulum morbi. Tempus iaculis urna id volutpat. Eleifend quam adipiscing vitae proin sagittis nisl rhoncus\n<ul>\n 	<li>Orci nulla pellentesque dignissim enim sit amet.</li>\n 	<li>Tellus molestie nunc non blandit massa enim nec dui.</li>\n 	<li>Pellentesque adipiscing commodo elit</li>\n</ul>\n</div>\n</div>\n      ",,,taxable,,1,,,0,0,,,,,1,,,199.99,"Uncategorized > Ciri 04 - 2",,,"https://ciri.la-studioweb.com/wp-content/uploads/2022/09/Ula-Desk.jpg, https://ciri.la-studioweb.com/wp-content/uploads/2022/09/Ula-Desk1.jpg",,,,,,,,,0,default,,,,,,,,,,,,,,
2104,simple,"REF. LA-2104","Sconce with Silver Round",1,0,visible,"Fermentum odio eu feugiat pretium. Interdum varius sit amet mattis vulputate enim nulla. Rutrum tellus pellentesque eu tincidunt tortor aliquam nulla enim diam.","\n<div class=""product_desc-row"">\n<div class=""product_desc-img""><img class=""aligncenter size-full"" src=""https://ciri.la-studioweb.com/wp-content/uploads/2022/09/single-prod-d-1.jpg"" alt="""" width=""735"" height=""470"" /></div>\n<div class=""product_desc-desc"">\n<h4>We Furnish The Dreams</h4>\nNulla porttitor massa id neque aliquam vestibulum morbi. Tempus iaculis urna id volutpat. Eleifend quam adipiscing vitae proin sagittis nisl rhoncus\n<ul>\n 	<li>Orci nulla pellentesque dignissim enim sit amet.</li>\n 	<li>Tellus molestie nunc non blandit massa enim nec dui.</li>\n 	<li>Pellentesque adipiscing commodo elit</li>\n</ul>\n</div>\n</div>\n      ",,,taxable,,1,,,0,0,,,,,1,,,199.99,"Uncategorized > Ciri 04 - 2",,,"https://ciri.la-studioweb.com/wp-content/uploads/2022/09/Sconce-with-Silver-Round.jpg, https://ciri.la-studioweb.com/wp-content/uploads/2022/09/Sconce-with-Silver-Round1.jpg",,,,,,,,,0,default,,,,,,,,,,,,,,
2107,simple,"REF. LA-2107","Charcoal Bowl",1,0,visible,"Fermentum odio eu feugiat pretium. Interdum varius sit amet mattis vulputate enim nulla. Rutrum tellus pellentesque eu tincidunt tortor aliquam nulla enim diam.","\n<div class=""product_desc-row"">\n<div class=""product_desc-img""><img class=""aligncenter size-full"" src=""https://ciri.la-studioweb.com/wp-content/uploads/2022/09/single-prod-d-1.jpg"" alt="""" width=""735"" height=""470"" /></div>\n<div class=""product_desc-desc"">\n<h4>We Furnish The Dreams</h4>\nNulla porttitor massa id neque aliquam vestibulum morbi. Tempus iaculis urna id volutpat. Eleifend quam adipiscing vitae proin sagittis nisl rhoncus\n<ul>\n 	<li>Orci nulla pellentesque dignissim enim sit amet.</li>\n 	<li>Tellus molestie nunc non blandit massa enim nec dui.</li>\n 	<li>Pellentesque adipiscing commodo elit</li>\n</ul>\n</div>\n</div>\n      ",,,taxable,,1,,,0,0,,,,,1,,,199.99,"Uncategorized > Ciri 04 - 2",,,"https://ciri.la-studioweb.com/wp-content/uploads/2022/09/Charcoal-Bowl.jpg, https://ciri.la-studioweb.com/wp-content/uploads/2022/09/Charcoal-Bowl1.jpg",,,,,,,,,0,default,,,,,,,,,,,,,,
2110,simple,"REF. LA-2110","Green Baby Crib",1,0,visible,"Fermentum odio eu feugiat pretium. Interdum varius sit amet mattis vulputate enim nulla. Rutrum tellus pellentesque eu tincidunt tortor aliquam nulla enim diam.","\n<div class=""product_desc-row"">\n<div class=""product_desc-img""><img class=""aligncenter size-full"" src=""https://ciri.la-studioweb.com/wp-content/uploads/2022/09/single-prod-d-1.jpg"" alt="""" width=""735"" height=""470"" /></div>\n<div class=""product_desc-desc"">\n<h4>We Furnish The Dreams</h4>\nNulla porttitor massa id neque aliquam vestibulum morbi. Tempus iaculis urna id volutpat. Eleifend quam adipiscing vitae proin sagittis nisl rhoncus\n<ul>\n 	<li>Orci nulla pellentesque dignissim enim sit amet.</li>\n 	<li>Tellus molestie nunc non blandit massa enim nec dui.</li>\n 	<li>Pellentesque adipiscing commodo elit</li>\n</ul>\n</div>\n</div>\n      ",,,taxable,,1,,,0,0,,,,,1,,,199.99,"Uncategorized > Ciri 04 - 2",,,"https://ciri.la-studioweb.com/wp-content/uploads/2022/09/Green-Baby-Crib.jpg, https://ciri.la-studioweb.com/wp-content/uploads/2022/09/Green-Baby-Crib1.jpg",,,,,,,,,0,default,,,,,,,,,,,,,,
2113,simple,"REF. LA-2113","Black Small 3-Drawer Chest",1,0,visible,"Fermentum odio eu feugiat pretium. Interdum varius sit amet mattis vulputate enim nulla. Rutrum tellus pellentesque eu tincidunt tortor aliquam nulla enim diam.","\n<div class=""product_desc-row"">\n<div class=""product_desc-img""><img class=""aligncenter size-full"" src=""https://ciri.la-studioweb.com/wp-content/uploads/2022/09/single-prod-d-1.jpg"" alt="""" width=""735"" height=""470"" /></div>\n<div class=""product_desc-desc"">\n<h4>We Furnish The Dreams</h4>\nNulla porttitor massa id neque aliquam vestibulum morbi. Tempus iaculis urna id volutpat. Eleifend quam adipiscing vitae proin sagittis nisl rhoncus\n<ul>\n 	<li>Orci nulla pellentesque dignissim enim sit amet.</li>\n 	<li>Tellus molestie nunc non blandit massa enim nec dui.</li>\n 	<li>Pellentesque adipiscing commodo elit</li>\n</ul>\n</div>\n</div>\n      ",,,taxable,,1,,,0,0,,,,,1,,,199.99,"Uncategorized > Ciri 04 - 2",,,"https://ciri.la-studioweb.com/wp-content/uploads/2022/09/Black-Small-3-Drawer-Chest.jpg, https://ciri.la-studioweb.com/wp-content/uploads/2022/09/Black-Small-3-Drawer-Chest1.jpg",,,,,,,,,0,default,,,,,,,,,,,,,,
2116,simple,"REF. LA-2116","Modern Dining Bench",1,0,visible,"Fermentum odio eu feugiat pretium. Interdum varius sit amet mattis vulputate enim nulla. Rutrum tellus pellentesque eu tincidunt tortor aliquam nulla enim diam.","\n<div class=""product_desc-row"">\n<div class=""product_desc-img""><img class=""aligncenter size-full"" src=""https://ciri.la-studioweb.com/wp-content/uploads/2022/09/single-prod-d-1.jpg"" alt="""" width=""735"" height=""470"" /></div>\n<div class=""product_desc-desc"">\n<h4>We Furnish The Dreams</h4>\nNulla porttitor massa id neque aliquam vestibulum morbi. Tempus iaculis urna id volutpat. Eleifend quam adipiscing vitae proin sagittis nisl rhoncus\n<ul>\n 	<li>Orci nulla pellentesque dignissim enim sit amet.</li>\n 	<li>Tellus molestie nunc non blandit massa enim nec dui.</li>\n 	<li>Pellentesque adipiscing commodo elit</li>\n</ul>\n</div>\n</div>\n      ",,,taxable,,1,,,0,0,,,,,1,,,199.99,"Uncategorized > Ciri 04 - 2",,,"https://ciri.la-studioweb.com/wp-content/uploads/2022/09/Modern-Dining-Bench.jpg, https://ciri.la-studioweb.com/wp-content/uploads/2022/09/Modern-Dining-Bench1.jpg",,,,,,,,,0,default,,,,,,,,,,,,,,
2119,simple,"REF. LA-2119","Acacia Wood Dining Bench",1,0,visible,"Fermentum odio eu feugiat pretium. Interdum varius sit amet mattis vulputate enim nulla. Rutrum tellus pellentesque eu tincidunt tortor aliquam nulla enim diam.","\n<div class=""product_desc-row"">\n<div class=""product_desc-img""><img class=""aligncenter size-full"" src=""https://ciri.la-studioweb.com/wp-content/uploads/2022/09/single-prod-d-1.jpg"" alt="""" width=""735"" height=""470"" /></div>\n<div class=""product_desc-desc"">\n<h4>We Furnish The Dreams</h4>\nNulla porttitor massa id neque aliquam vestibulum morbi. Tempus iaculis urna id volutpat. Eleifend quam adipiscing vitae proin sagittis nisl rhoncus\n<ul>\n 	<li>Orci nulla pellentesque dignissim enim sit amet.</li>\n 	<li>Tellus molestie nunc non blandit massa enim nec dui.</li>\n 	<li>Pellentesque adipiscing commodo elit</li>\n</ul>\n</div>\n</div>\n      ",,,taxable,,1,,,0,0,,,,,1,,,199.99,"Uncategorized > Ciri 04 - 2",,,"https://ciri.la-studioweb.com/wp-content/uploads/2022/09/Acacia-Wood-Dining-Bench.jpg, https://ciri.la-studioweb.com/wp-content/uploads/2022/09/Acacia-Wood-Dining-Bench1.jpg",,,,,,,,,0,default,,,,,,,,,,,,,,
2122,simple,"REF. LA-2122","Boveda Stone Table Lamp",1,0,visible,"Fermentum odio eu feugiat pretium. Interdum varius sit amet mattis vulputate enim nulla. Rutrum tellus pellentesque eu tincidunt tortor aliquam nulla enim diam.","\n<div class=""product_desc-row"">\n<div class=""product_desc-img""><img class=""aligncenter size-full"" src=""https://ciri.la-studioweb.com/wp-content/uploads/2022/09/single-prod-d-1.jpg"" alt="""" width=""735"" height=""470"" /></div>\n<div class=""product_desc-desc"">\n<h4>We Furnish The Dreams</h4>\nNulla porttitor massa id neque aliquam vestibulum morbi. Tempus iaculis urna id volutpat. Eleifend quam adipiscing vitae proin sagittis nisl rhoncus\n<ul>\n 	<li>Orci nulla pellentesque dignissim enim sit amet.</li>\n 	<li>Tellus molestie nunc non blandit massa enim nec dui.</li>\n 	<li>Pellentesque adipiscing commodo elit</li>\n</ul>\n</div>\n</div>\n      ",,,taxable,,1,,,0,0,,,,,1,,,199.99,"Uncategorized > Ciri 04 - 2",,,"https://ciri.la-studioweb.com/wp-content/uploads/2022/09/Boveda-Stone-Table-Lamp.jpg, https://ciri.la-studioweb.com/wp-content/uploads/2022/09/Boveda-Stone-Table-Lamp1.jpg",,,,,,,,,0,default,,,,,,,,,,,,,,
2125,simple,"REF. LA-2125","Ava Grey Bed",1,0,visible,"Fermentum odio eu feugiat pretium. Interdum varius sit amet mattis vulputate enim nulla. Rutrum tellus pellentesque eu tincidunt tortor aliquam nulla enim diam.","\n<div class=""product_desc-row"">\n<div class=""product_desc-img""><img class=""aligncenter size-full"" src=""https://ciri.la-studioweb.com/wp-content/uploads/2022/09/single-prod-d-1.jpg"" alt="""" width=""735"" height=""470"" /></div>\n<div class=""product_desc-desc"">\n<h4>We Furnish The Dreams</h4>\nNulla porttitor massa id neque aliquam vestibulum morbi. Tempus iaculis urna id volutpat. Eleifend quam adipiscing vitae proin sagittis nisl rhoncus\n<ul>\n 	<li>Orci nulla pellentesque dignissim enim sit amet.</li>\n 	<li>Tellus molestie nunc non blandit massa enim nec dui.</li>\n 	<li>Pellentesque adipiscing commodo elit</li>\n</ul>\n</div>\n</div>\n      ",,,taxable,,1,,,0,0,,,,,1,,,199.99,"Uncategorized > Ciri 04 - 2",,,"https://ciri.la-studioweb.com/wp-content/uploads/2022/09/Ava-Grey-Bed.jpg, https://ciri.la-studioweb.com/wp-content/uploads/2022/09/Ava-Grey-Bed1.jpg",,,,,,,,,0,default,,,,,,,,,,,,,,
2128,simple,"REF. LA-2128","Diversey Office Chair",1,0,visible,"Fermentum odio eu feugiat pretium. Interdum varius sit amet mattis vulputate enim nulla. Rutrum tellus pellentesque eu tincidunt tortor aliquam nulla enim diam.","\n<div class=""product_desc-row"">\n<div class=""product_desc-img""><img class=""aligncenter size-full"" src=""https://ciri.la-studioweb.com/wp-content/uploads/2022/09/single-prod-d-1.jpg"" alt="""" width=""735"" height=""470"" /></div>\n<div class=""product_desc-desc"">\n<h4>We Furnish The Dreams</h4>\nNulla porttitor massa id neque aliquam vestibulum morbi. Tempus iaculis urna id volutpat. Eleifend quam adipiscing vitae proin sagittis nisl rhoncus\n<ul>\n 	<li>Orci nulla pellentesque dignissim enim sit amet.</li>\n 	<li>Tellus molestie nunc non blandit massa enim nec dui.</li>\n 	<li>Pellentesque adipiscing commodo elit</li>\n</ul>\n</div>\n</div>\n      ",,,taxable,,1,,,0,0,,,,,1,,,199.99,"Uncategorized > Ciri 04 - 2",,,"https://ciri.la-studioweb.com/wp-content/uploads/2022/09/Diversey-Office-Chair.jpg, https://ciri.la-studioweb.com/wp-content/uploads/2022/09/Diversey-Office-Chair1.jpg",,,,,,,,,0,default,,,,,,,,,,,,,,
2131,simple,"REF. LA-2131","Diversey Office Chair",1,0,visible,"Fermentum odio eu feugiat pretium. Interdum varius sit amet mattis vulputate enim nulla. Rutrum tellus pellentesque eu tincidunt tortor aliquam nulla enim diam.","\n<div class=""product_desc-row"">\n<div class=""product_desc-img""><img class=""aligncenter size-full"" src=""https://ciri.la-studioweb.com/wp-content/uploads/2022/09/single-prod-d-1.jpg"" alt="""" width=""735"" height=""470"" /></div>\n<div class=""product_desc-desc"">\n<h4>We Furnish The Dreams</h4>\nNulla porttitor massa id neque aliquam vestibulum morbi. Tempus iaculis urna id volutpat. Eleifend quam adipiscing vitae proin sagittis nisl rhoncus\n<ul>\n 	<li>Orci nulla pellentesque dignissim enim sit amet.</li>\n 	<li>Tellus molestie nunc non blandit massa enim nec dui.</li>\n 	<li>Pellentesque adipiscing commodo elit</li>\n</ul>\n</div>\n</div>\n      ",,,taxable,,1,,,0,0,,,,,1,,,199.99,"Uncategorized > Ciri 04 - 2",,,"https://ciri.la-studioweb.com/wp-content/uploads/2022/09/Diversey-Office-Chair.jpg, https://ciri.la-studioweb.com/wp-content/uploads/2022/09/Diversey-Office-Chair1.jpg",,,,,,,,,0,default,,,,,,,,,,,,,,
2132,simple,"REF. LA-2132","Abaco Outdoor Bar Cart",1,0,visible,"Fermentum odio eu feugiat pretium. Interdum varius sit amet mattis vulputate enim nulla. Rutrum tellus pellentesque eu tincidunt tortor aliquam nulla enim diam.","\n<div class=""product_desc-row"">\n<div class=""product_desc-img""><img class=""aligncenter size-full"" src=""https://ciri.la-studioweb.com/wp-content/uploads/2022/09/single-prod-d-1.jpg"" alt="""" width=""735"" height=""470"" /></div>\n<div class=""product_desc-desc"">\n<h4>We Furnish The Dreams</h4>\nNulla porttitor massa id neque aliquam vestibulum morbi. Tempus iaculis urna id volutpat. Eleifend quam adipiscing vitae proin sagittis nisl rhoncus\n<ul>\n 	<li>Orci nulla pellentesque dignissim enim sit amet.</li>\n 	<li>Tellus molestie nunc non blandit massa enim nec dui.</li>\n 	<li>Pellentesque adipiscing commodo elit</li>\n</ul>\n</div>\n</div>\n      ",,,taxable,,1,,,0,0,,,,,1,,,199.99,"Uncategorized > Ciri 04 - 2",,,"https://ciri.la-studioweb.com/wp-content/uploads/2022/09/Abaco-Outdoor-Bar-Cart.jpg, https://ciri.la-studioweb.com/wp-content/uploads/2022/09/Abaco-Outdoor-Bar-Cart1.jpg",,,,,,,,,0,default,,,,,,,,,,,,,,
2135,simple,"REF. LA-2135","Desk with Outlet",1,0,visible,"Fermentum odio eu feugiat pretium. Interdum varius sit amet mattis vulputate enim nulla. Rutrum tellus pellentesque eu tincidunt tortor aliquam nulla enim diam.","\n<div class=""product_desc-row"">\n<div class=""product_desc-img""><img class=""aligncenter size-full"" src=""https://ciri.la-studioweb.com/wp-content/uploads/2022/09/single-prod-d-1.jpg"" alt="""" width=""735"" height=""470"" /></div>\n<div class=""product_desc-desc"">\n<h4>We Furnish The Dreams</h4>\nNulla porttitor massa id neque aliquam vestibulum morbi. Tempus iaculis urna id volutpat. Eleifend quam adipiscing vitae proin sagittis nisl rhoncus\n<ul>\n 	<li>Orci nulla pellentesque dignissim enim sit amet.</li>\n 	<li>Tellus molestie nunc non blandit massa enim nec dui.</li>\n 	<li>Pellentesque adipiscing commodo elit</li>\n</ul>\n</div>\n</div>\n      ",,,taxable,,1,,,0,0,,,,,1,,,199.99,"Uncategorized > Ciri 04 - 2",,,"https://ciri.la-studioweb.com/wp-content/uploads/2022/09/Desk-with-Outlet.jpg, https://ciri.la-studioweb.com/wp-content/uploads/2022/09/Desk-with-Outlet1.jpg",,,,,,,,,0,default,,,,,,,,,,,,,,
2138,simple,"REF. LA-2138","Upholstered Wood Bed",1,0,visible,"Fermentum odio eu feugiat pretium. Interdum varius sit amet mattis vulputate enim nulla. Rutrum tellus pellentesque eu tincidunt tortor aliquam nulla enim diam.","\n<div class=""product_desc-row"">\n<div class=""product_desc-img""><img class=""aligncenter size-full"" src=""https://ciri.la-studioweb.com/wp-content/uploads/2022/09/single-prod-d-1.jpg"" alt="""" width=""735"" height=""470"" /></div>\n<div class=""product_desc-desc"">\n<h4>We Furnish The Dreams</h4>\nNulla porttitor massa id neque aliquam vestibulum morbi. Tempus iaculis urna id volutpat. Eleifend quam adipiscing vitae proin sagittis nisl rhoncus\n<ul>\n 	<li>Orci nulla pellentesque dignissim enim sit amet.</li>\n 	<li>Tellus molestie nunc non blandit massa enim nec dui.</li>\n 	<li>Pellentesque adipiscing commodo elit</li>\n</ul>\n</div>\n</div>\n      ",,,taxable,,1,,,0,0,,,,,1,,,199.99,"Uncategorized > Ciri 04 - 1",,,"https://ciri.la-studioweb.com/wp-content/uploads/2022/09/Upholstered-Wood-Bed.jpg, https://ciri.la-studioweb.com/wp-content/uploads/2022/09/Upholstered-Wood-Bed1.jpg",,,,,,,,,0,default,,,,,,,,,,,,,,
2141,simple,"REF. LA-2141","Trundle Sleeper Sofa",1,0,visible,"Fermentum odio eu feugiat pretium. Interdum varius sit amet mattis vulputate enim nulla. Rutrum tellus pellentesque eu tincidunt tortor aliquam nulla enim diam.","\n<div class=""product_desc-row"">\n<div class=""product_desc-img""><img class=""aligncenter size-full"" src=""https://ciri.la-studioweb.com/wp-content/uploads/2022/09/single-prod-d-1.jpg"" alt="""" width=""735"" height=""470"" /></div>\n<div class=""product_desc-desc"">\n<h4>We Furnish The Dreams</h4>\nNulla porttitor massa id neque aliquam vestibulum morbi. Tempus iaculis urna id volutpat. Eleifend quam adipiscing vitae proin sagittis nisl rhoncus\n<ul>\n 	<li>Orci nulla pellentesque dignissim enim sit amet.</li>\n 	<li>Tellus molestie nunc non blandit massa enim nec dui.</li>\n 	<li>Pellentesque adipiscing commodo elit</li>\n</ul>\n</div>\n</div>\n      ",,,taxable,,1,,,0,0,,,,,1,,,199.99,"Uncategorized > Ciri 04 - 1",,,"https://ciri.la-studioweb.com/wp-content/uploads/2022/09/Trundle-Sleeper-Sofa.jpg, https://ciri.la-studioweb.com/wp-content/uploads/2022/09/Trundle-Sleeper-Sofa1.jpg",,,,,,,,,0,default,,,,,,,,,,,,,,
2144,simple,"REF. LA-2144","Terrazza Media Console",1,0,visible,"Fermentum odio eu feugiat pretium. Interdum varius sit amet mattis vulputate enim nulla. Rutrum tellus pellentesque eu tincidunt tortor aliquam nulla enim diam.","\n<div class=""product_desc-row"">\n<div class=""product_desc-img""><img class=""aligncenter size-full"" src=""https://ciri.la-studioweb.com/wp-content/uploads/2022/09/single-prod-d-1.jpg"" alt="""" width=""735"" height=""470"" /></div>\n<div class=""product_desc-desc"">\n<h4>We Furnish The Dreams</h4>\nNulla porttitor massa id neque aliquam vestibulum morbi. Tempus iaculis urna id volutpat. Eleifend quam adipiscing vitae proin sagittis nisl rhoncus\n<ul>\n 	<li>Orci nulla pellentesque dignissim enim sit amet.</li>\n 	<li>Tellus molestie nunc non blandit massa enim nec dui.</li>\n 	<li>Pellentesque adipiscing commodo elit</li>\n</ul>\n</div>\n</div>\n      ",,,taxable,,1,,,0,0,,,,,1,,,199.99,"Uncategorized > Ciri 04 - 1",,,"https://ciri.la-studioweb.com/wp-content/uploads/2022/09/Terrazza-Media-Console.jpg, https://ciri.la-studioweb.com/wp-content/uploads/2022/09/Terrazza-Media-Console1.jpg",,,,,,,,,0,default,,,,,,,,,,,,,,
2147,simple,"REF. LA-2147","Harper Shearling Accent Chair",1,0,visible,"Fermentum odio eu feugiat pretium. Interdum varius sit amet mattis vulputate enim nulla. Rutrum tellus pellentesque eu tincidunt tortor aliquam nulla enim diam.","\n<div class=""product_desc-row"">\n<div class=""product_desc-img""><img class=""aligncenter size-full"" src=""https://ciri.la-studioweb.com/wp-content/uploads/2022/09/single-prod-d-1.jpg"" alt="""" width=""735"" height=""470"" /></div>\n<div class=""product_desc-desc"">\n<h4>We Furnish The Dreams</h4>\nNulla porttitor massa id neque aliquam vestibulum morbi. Tempus iaculis urna id volutpat. Eleifend quam adipiscing vitae proin sagittis nisl rhoncus\n<ul>\n 	<li>Orci nulla pellentesque dignissim enim sit amet.</li>\n 	<li>Tellus molestie nunc non blandit massa enim nec dui.</li>\n 	<li>Pellentesque adipiscing commodo elit</li>\n</ul>\n</div>\n</div>\n      ",,,taxable,,1,,,0,0,,,,,1,,,199.99,"Uncategorized > Ciri 04 - 1",,,"https://ciri.la-studioweb.com/wp-content/uploads/2022/09/Harper-Shearling-Accent-Chair.jpg, https://ciri.la-studioweb.com/wp-content/uploads/2022/09/Harper-Shearling-Accent-Chair1.jpg",,,,,,,,,0,default,,,,,,,,,,,,,,
2150,simple,"REF. LA-2150","Vaquero Dining Chair",1,0,visible,"Fermentum odio eu feugiat pretium. Interdum varius sit amet mattis vulputate enim nulla. Rutrum tellus pellentesque eu tincidunt tortor aliquam nulla enim diam.","\n<div class=""product_desc-row"">\n<div class=""product_desc-img""><img class=""aligncenter size-full"" src=""https://ciri.la-studioweb.com/wp-content/uploads/2022/09/single-prod-d-1.jpg"" alt="""" width=""735"" height=""470"" /></div>\n<div class=""product_desc-desc"">\n<h4>We Furnish The Dreams</h4>\nNulla porttitor massa id neque aliquam vestibulum morbi. Tempus iaculis urna id volutpat. Eleifend quam adipiscing vitae proin sagittis nisl rhoncus\n<ul>\n 	<li>Orci nulla pellentesque dignissim enim sit amet.</li>\n 	<li>Tellus molestie nunc non blandit massa enim nec dui.</li>\n 	<li>Pellentesque adipiscing commodo elit</li>\n</ul>\n</div>\n</div>\n      ",,,taxable,,1,,,0,0,,,,,1,,,199.99,"Uncategorized > Ciri 05 - 2",,,"https://ciri.la-studioweb.com/wp-content/uploads/2022/09/Vaquero-Dining-Chair.jpg, https://ciri.la-studioweb.com/wp-content/uploads/2022/09/Vaquero-Dining-Chair1.jpg",,,,,,,,,0,default,,,,,,,,,,,,,,
2153,simple,"REF. LA-2153","Rectangular Dining Table",1,0,visible,"Fermentum odio eu feugiat pretium. Interdum varius sit amet mattis vulputate enim nulla. Rutrum tellus pellentesque eu tincidunt tortor aliquam nulla enim diam.","\n<div class=""product_desc-row"">\n<div class=""product_desc-img""><img class=""aligncenter size-full"" src=""https://ciri.la-studioweb.com/wp-content/uploads/2022/09/single-prod-d-1.jpg"" alt="""" width=""735"" height=""470"" /></div>\n<div class=""product_desc-desc"">\n<h4>We Furnish The Dreams</h4>\nNulla porttitor massa id neque aliquam vestibulum morbi. Tempus iaculis urna id volutpat. Eleifend quam adipiscing vitae proin sagittis nisl rhoncus\n<ul>\n 	<li>Orci nulla pellentesque dignissim enim sit amet.</li>\n 	<li>Tellus molestie nunc non blandit massa enim nec dui.</li>\n 	<li>Pellentesque adipiscing commodo elit</li>\n</ul>\n</div>\n</div>\n      ",,,taxable,,1,,,0,0,,,,,1,,,199.99,"Uncategorized > Ciri 05 - 2",,,"https://ciri.la-studioweb.com/wp-content/uploads/2022/09/Rectangular-Dining-Table.jpg, https://ciri.la-studioweb.com/wp-content/uploads/2022/09/Rectangular-Dining-Table1.jpg",,,,,,,,,0,default,,,,,,,,,,,,,,
2156,simple,"REF. LA-2156","Twist Ash Rotating Desk",1,0,visible,"Fermentum odio eu feugiat pretium. Interdum varius sit amet mattis vulputate enim nulla. Rutrum tellus pellentesque eu tincidunt tortor aliquam nulla enim diam.","\n<div class=""product_desc-row"">\n<div class=""product_desc-img""><img class=""aligncenter size-full"" src=""https://ciri.la-studioweb.com/wp-content/uploads/2022/09/single-prod-d-1.jpg"" alt="""" width=""735"" height=""470"" /></div>\n<div class=""product_desc-desc"">\n<h4>We Furnish The Dreams</h4>\nNulla porttitor massa id neque aliquam vestibulum morbi. Tempus iaculis urna id volutpat. Eleifend quam adipiscing vitae proin sagittis nisl rhoncus\n<ul>\n 	<li>Orci nulla pellentesque dignissim enim sit amet.</li>\n 	<li>Tellus molestie nunc non blandit massa enim nec dui.</li>\n 	<li>Pellentesque adipiscing commodo elit</li>\n</ul>\n</div>\n</div>\n      ",,,taxable,,1,,,0,0,,,,,1,,,199.99,"Uncategorized > Ciri 05 - 2",,,"https://ciri.la-studioweb.com/wp-content/uploads/2022/09/Twin-Sleeper-Sofa.jpg, https://ciri.la-studioweb.com/wp-content/uploads/2022/09/Twin-Sleeper-Sofa1.jpg",,,,,,,,,0,default,,,,,,,,,,,,,,
2159,simple,"REF. LA-2159","Twin Sleeper Sofa",1,0,visible,"Fermentum odio eu feugiat pretium. Interdum varius sit amet mattis vulputate enim nulla. Rutrum tellus pellentesque eu tincidunt tortor aliquam nulla enim diam.","\n<div class=""product_desc-row"">\n<div class=""product_desc-img""><img class=""aligncenter size-full"" src=""https://ciri.la-studioweb.com/wp-content/uploads/2022/09/single-prod-d-1.jpg"" alt="""" width=""735"" height=""470"" /></div>\n<div class=""product_desc-desc"">\n<h4>We Furnish The Dreams</h4>\nNulla porttitor massa id neque aliquam vestibulum morbi. Tempus iaculis urna id volutpat. Eleifend quam adipiscing vitae proin sagittis nisl rhoncus\n<ul>\n 	<li>Orci nulla pellentesque dignissim enim sit amet.</li>\n 	<li>Tellus molestie nunc non blandit massa enim nec dui.</li>\n 	<li>Pellentesque adipiscing commodo elit</li>\n</ul>\n</div>\n</div>\n      ",,,taxable,,1,,,0,0,,,,,1,,,199.99,"Uncategorized > Ciri 05 - 2",,,"https://ciri.la-studioweb.com/wp-content/uploads/2022/09/Twist-Ash-Rotating-Desk.jpg, https://ciri.la-studioweb.com/wp-content/uploads/2022/09/Twist-Ash-Rotating-Desk1.jpg",,,,,,,,,0,default,,,,,,,,,,,,,,
2162,simple,"REF. LA-2162","Plaster Floor Lamp",1,0,visible,"Fermentum odio eu feugiat pretium. Interdum varius sit amet mattis vulputate enim nulla. Rutrum tellus pellentesque eu tincidunt tortor aliquam nulla enim diam.","\n<div class=""product_desc-row"">\n<div class=""product_desc-img""><img class=""aligncenter size-full"" src=""https://ciri.la-studioweb.com/wp-content/uploads/2022/09/single-prod-d-1.jpg"" alt="""" width=""735"" height=""470"" /></div>\n<div class=""product_desc-desc"">\n<h4>We Furnish The Dreams</h4>\nNulla porttitor massa id neque aliquam vestibulum morbi. Tempus iaculis urna id volutpat. Eleifend quam adipiscing vitae proin sagittis nisl rhoncus\n<ul>\n 	<li>Orci nulla pellentesque dignissim enim sit amet.</li>\n 	<li>Tellus molestie nunc non blandit massa enim nec dui.</li>\n 	<li>Pellentesque adipiscing commodo elit</li>\n</ul>\n</div>\n</div>\n      ",,,taxable,,1,,,0,0,,,,,1,,,199.99,"Uncategorized > Ciri 05 - 1",,,"https://ciri.la-studioweb.com/wp-content/uploads/2022/09/Plaster-Floor-Lamp.jpg, https://ciri.la-studioweb.com/wp-content/uploads/2022/09/Plaster-Floor-Lamp1.jpg",,,,,,,,,0,default,,,,,,,,,,,,,,
2165,simple,"REF. LA-2165","Natural Baby Crib",1,0,visible,"Fermentum odio eu feugiat pretium. Interdum varius sit amet mattis vulputate enim nulla. Rutrum tellus pellentesque eu tincidunt tortor aliquam nulla enim diam.","\n<div class=""product_desc-row"">\n<div class=""product_desc-img""><img class=""aligncenter size-full"" src=""https://ciri.la-studioweb.com/wp-content/uploads/2022/09/single-prod-d-1.jpg"" alt="""" width=""735"" height=""470"" /></div>\n<div class=""product_desc-desc"">\n<h4>We Furnish The Dreams</h4>\nNulla porttitor massa id neque aliquam vestibulum morbi. Tempus iaculis urna id volutpat. Eleifend quam adipiscing vitae proin sagittis nisl rhoncus\n<ul>\n 	<li>Orci nulla pellentesque dignissim enim sit amet.</li>\n 	<li>Tellus molestie nunc non blandit massa enim nec dui.</li>\n 	<li>Pellentesque adipiscing commodo elit</li>\n</ul>\n</div>\n</div>\n      ",,,taxable,,1,,,0,0,,,,,1,,,199.99,"Uncategorized > Ciri 05 - 1",,,"https://ciri.la-studioweb.com/wp-content/uploads/2022/09/Natural-Baby-Crib.jpg, https://ciri.la-studioweb.com/wp-content/uploads/2022/09/Natural-Baby-Crib1.jpg",,,,,,,,,0,default,,,,,,,,,,,,,,
2168,simple,"REF. LA-2168","Edge Coupe Glass",1,0,visible,"Fermentum odio eu feugiat pretium. Interdum varius sit amet mattis vulputate enim nulla. Rutrum tellus pellentesque eu tincidunt tortor aliquam nulla enim diam.","\n<div class=""product_desc-row"">\n<div class=""product_desc-img""><img class=""aligncenter size-full"" src=""https://ciri.la-studioweb.com/wp-content/uploads/2022/09/single-prod-d-1.jpg"" alt="""" width=""735"" height=""470"" /></div>\n<div class=""product_desc-desc"">\n<h4>We Furnish The Dreams</h4>\nNulla porttitor massa id neque aliquam vestibulum morbi. Tempus iaculis urna id volutpat. Eleifend quam adipiscing vitae proin sagittis nisl rhoncus\n<ul>\n 	<li>Orci nulla pellentesque dignissim enim sit amet.</li>\n 	<li>Tellus molestie nunc non blandit massa enim nec dui.</li>\n 	<li>Pellentesque adipiscing commodo elit</li>\n</ul>\n</div>\n</div>\n      ",,,taxable,,1,,,0,0,,,,,1,,,199.99,"Uncategorized > Ciri 05 - 1",,,"https://ciri.la-studioweb.com/wp-content/uploads/2022/09/Edge-Coupe-Glass.jpg, https://ciri.la-studioweb.com/wp-content/uploads/2022/09/Edge-Coupe-Glass1.jpg",,,,,,,,,0,default,,,,,,,,,,,,,,
2171,simple,"REF. LA-2171","Leather Curved Arm Chair",1,0,visible,"Fermentum odio eu feugiat pretium. Interdum varius sit amet mattis vulputate enim nulla. Rutrum tellus pellentesque eu tincidunt tortor aliquam nulla enim diam.","\n<div class=""product_desc-row"">\n<div class=""product_desc-img""><img class=""aligncenter size-full"" src=""https://ciri.la-studioweb.com/wp-content/uploads/2022/09/single-prod-d-1.jpg"" alt="""" width=""735"" height=""470"" /></div>\n<div class=""product_desc-desc"">\n<h4>We Furnish The Dreams</h4>\nNulla porttitor massa id neque aliquam vestibulum morbi. Tempus iaculis urna id volutpat. Eleifend quam adipiscing vitae proin sagittis nisl rhoncus\n<ul>\n 	<li>Orci nulla pellentesque dignissim enim sit amet.</li>\n 	<li>Tellus molestie nunc non blandit massa enim nec dui.</li>\n 	<li>Pellentesque adipiscing commodo elit</li>\n</ul>\n</div>\n</div>\n      ",,,taxable,,1,,,0,0,,,,,1,,,199.99,"Uncategorized > Ciri 05 - 1",,,"https://ciri.la-studioweb.com/wp-content/uploads/2022/09/single-prod-1a.jpg, https://ciri.la-studioweb.com/wp-content/uploads/2022/09/single-prod-1b.jpg",,,,,,,,,0,default,,,,,,,,,,,,,,
2172,simple,"REF. LA-2172","Lemoine Small Bar Cabinet",1,0,visible,"Fermentum odio eu feugiat pretium. Interdum varius sit amet mattis vulputate enim nulla. Rutrum tellus pellentesque eu tincidunt tortor aliquam nulla enim diam.","\n<div class=""product_desc-row"">\n<div class=""product_desc-img""><img class=""aligncenter size-full"" src=""https://ciri.la-studioweb.com/wp-content/uploads/2022/09/single-prod-d-1.jpg"" alt="""" width=""735"" height=""470"" /></div>\n<div class=""product_desc-desc"">\n<h4>We Furnish The Dreams</h4>\nNulla porttitor massa id neque aliquam vestibulum morbi. Tempus iaculis urna id volutpat. Eleifend quam adipiscing vitae proin sagittis nisl rhoncus\n<ul>\n 	<li>Orci nulla pellentesque dignissim enim sit amet.</li>\n 	<li>Tellus molestie nunc non blandit massa enim nec dui.</li>\n 	<li>Pellentesque adipiscing commodo elit</li>\n</ul>\n</div>\n</div>\n      ",,,taxable,,1,,,0,0,,,,,1,,,199.99,"Uncategorized > Ciri 05 - 1",,,"https://ciri.la-studioweb.com/wp-content/uploads/2022/09/Lemoine-Small-Bar-Cabinet.jpg, https://ciri.la-studioweb.com/wp-content/uploads/2022/09/Lemoine-Small-Bar-Cabinet1.jpg",,,,,,,,,0,default,,,,,,,,,,,,,,
2175,simple,"REF. LA-2175","Grotta Outdoor Wicker Sofa",1,0,visible,"Fermentum odio eu feugiat pretium. Interdum varius sit amet mattis vulputate enim nulla. Rutrum tellus pellentesque eu tincidunt tortor aliquam nulla enim diam.","\n<div class=""product_desc-row"">\n<div class=""product_desc-img""><img class=""aligncenter size-full"" src=""https://ciri.la-studioweb.com/wp-content/uploads/2022/09/single-prod-d-1.jpg"" alt="""" width=""735"" height=""470"" /></div>\n<div class=""product_desc-desc"">\n<h4>We Furnish The Dreams</h4>\nNulla porttitor massa id neque aliquam vestibulum morbi. Tempus iaculis urna id volutpat. Eleifend quam adipiscing vitae proin sagittis nisl rhoncus\n<ul>\n 	<li>Orci nulla pellentesque dignissim enim sit amet.</li>\n 	<li>Tellus molestie nunc non blandit massa enim nec dui.</li>\n 	<li>Pellentesque adipiscing commodo elit</li>\n</ul>\n</div>\n</div>\n      ",,,taxable,,1,,,0,0,,,,,1,,,199.99,"Uncategorized > Ciri 05 - 1",,,"https://ciri.la-studioweb.com/wp-content/uploads/2022/09/Grotta-Outdoor-Wicker-Sofa.jpg, https://ciri.la-studioweb.com/wp-content/uploads/2022/09/Grotta-Outdoor-Wicker-Sofa1.jpg",,,,,,,,,0,default,,,,,,,,,,,,,,
2178,simple,"REF. LA-2178","Grey Outdoor Lounge Chair",1,0,visible,"Fermentum odio eu feugiat pretium. Interdum varius sit amet mattis vulputate enim nulla. Rutrum tellus pellentesque eu tincidunt tortor aliquam nulla enim diam.","\n<div class=""product_desc-row"">\n<div class=""product_desc-img""><img class=""aligncenter size-full"" src=""https://ciri.la-studioweb.com/wp-content/uploads/2022/09/single-prod-d-1.jpg"" alt="""" width=""735"" height=""470"" /></div>\n<div class=""product_desc-desc"">\n<h4>We Furnish The Dreams</h4>\nNulla porttitor massa id neque aliquam vestibulum morbi. Tempus iaculis urna id volutpat. Eleifend quam adipiscing vitae proin sagittis nisl rhoncus\n<ul>\n 	<li>Orci nulla pellentesque dignissim enim sit amet.</li>\n 	<li>Tellus molestie nunc non blandit massa enim nec dui.</li>\n 	<li>Pellentesque adipiscing commodo elit</li>\n</ul>\n</div>\n</div>\n      ",,,taxable,,1,,,0,0,,,,,1,,,199.99,"Uncategorized > Ciri 05 - 1",,,"https://ciri.la-studioweb.com/wp-content/uploads/2022/09/Grey-Outdoor-Lounge-Chair.jpg, https://ciri.la-studioweb.com/wp-content/uploads/2022/09/Grey-Outdoor-Lounge-Chair1.jpg",,,,,,,,,0,default,,,,,,,,,,,,,,
2181,external,"REF. LA-2181","6-Drawer Dresser",1,0,visible,"Fermentum odio eu feugiat pretium. Interdum varius sit amet mattis vulputate enim nulla. Rutrum tellus pellentesque eu tincidunt tortor aliquam nulla enim diam.","\n<div class=""product_desc-row"">\n<div class=""product_desc-img""><img class=""aligncenter size-full"" src=""https://ciri.la-studioweb.com/wp-content/uploads/2022/09/single-prod-d-1.jpg"" alt="""" width=""735"" height=""470"" /></div>\n<div class=""product_desc-desc"">\n<h4>We Furnish The Dreams</h4>\nNulla porttitor massa id neque aliquam vestibulum morbi. Tempus iaculis urna id volutpat. Eleifend quam adipiscing vitae proin sagittis nisl rhoncus\n<ul>\n 	<li>Orci nulla pellentesque dignissim enim sit amet.</li>\n 	<li>Tellus molestie nunc non blandit massa enim nec dui.</li>\n 	<li>Pellentesque adipiscing commodo elit</li>\n</ul>\n</div>\n</div>\n      ",,,taxable,,1,,,0,0,,,,,1,,,199.99,"Uncategorized > Ciri 05 - 1",,,"https://ciri.la-studioweb.com/wp-content/uploads/2022/09/6-Drawer-Dresser.jpg, https://ciri.la-studioweb.com/wp-content/uploads/2022/09/6-Drawer-Dresser1.jpg",,,,,,,https://la-studioweb.com/go/ciri/,,0,default,,,,,,,,,,,,,,
